Name,Cost,Position,Team,Games,Chance Of Playing Next,33,34,35,36,37,38,Pts Next 2,Pts Next 3,Pts Next 4,Pts Next 5,Pts Rest Of Season,Pts/Future Matches,current Pts/Match
Fábio Vieira,5.40,MID,Arsenal,0,0,4.00,,2.00,2.00,2.00,3.00,4.00,6.00,8.00,10.00,15.00,3.00,0.000
G.Jesus,6.50,FWD,Arsenal,17,0,6.14,,2.91,2.83,2.91,3.27,6.14,9.05,11.88,14.79,21.03,4.21,2.471
Gabriel,6.20,DEF,Arsenal,28,0,5.73,,2.74,1.67,2.74,7.03,5.73,8.47,10.14,12.88,22.69,4.54,4.179
Havertz,7.70,FWD,Arsenal,21,0,8.32,,3.85,3.68,3.85,4.57,8.32,12.18,15.85,19.70,28.22,5.64,4.571
Hein,4.00,GK,Arsenal,0,0,4.00,,2.00,1.00,2.00,6.00,4.00,6.00,7.00,9.00,17.00,3.40,0.000
J.Timber,5.70,DEF,Arsenal,29,100,4.84,,2.36,1.32,2.36,6.50,4.84,7.19,8.52,10.87,19.75,3.95,3.793
Jorginho,4.60,MID,Arsenal,14,75,4.00,,2.00,2.00,2.00,3.00,4.00,6.00,8.00,10.00,15.00,3.00,1.357
Kiwior,4.80,DEF,Arsenal,11,,4.00,,2.00,1.00,2.00,6.00,4.00,6.00,7.00,9.00,17.00,3.40,1.727
Martinelli,6.50,MID,Arsenal,27,100,7.14,,3.34,3.22,3.34,4.87,7.14,10.48,13.70,17.04,25.32,5.06,3.741
Nwaneri,4.50,MID,Arsenal,22,100,5.93,,2.82,2.75,2.82,4.15,5.93,8.75,11.50,14.32,21.33,4.27,2.545
Ødegaard,8.20,MID,Arsenal,24,100,5.85,,2.79,2.72,2.79,4.10,5.85,8.64,11.36,14.15,21.08,4.22,3.292
Raya,5.50,GK,Arsenal,32,100,5.77,,3.13,2.46,3.24,6.71,5.77,8.89,11.35,14.60,24.22,4.84,3.844
Rice,6.20,MID,Arsenal,30,100,5.88,,2.81,2.73,2.81,4.12,5.88,8.69,11.42,14.23,21.19,4.24,3.233
Saka,10.50,MID,Arsenal,19,100,10.69,,4.86,4.59,4.86,6.98,10.69,15.56,20.15,25.01,37.00,7.40,6.158
Saliba,6.50,DEF,Arsenal,30,100,4.81,,2.35,1.31,2.35,6.48,4.81,7.15,8.47,10.81,19.65,3.93,4.000
Thomas,4.90,MID,Arsenal,30,100,5.95,,2.83,2.76,2.83,4.16,5.95,8.79,11.54,14.38,21.42,4.28,3.233
Tierney,4.30,DEF,Arsenal,8,100,4.00,,2.00,1.00,2.00,6.00,4.00,6.00,7.00,9.00,17.00,3.40,1.625
Tomiyasu,4.80,DEF,Arsenal,1,0,4.00,,2.00,1.00,2.00,6.00,4.00,6.00,7.00,9.00,17.00,3.40,1.000
Trossard,6.70,MID,Arsenal,32,100,6.71,,3.16,3.05,3.16,4.61,6.71,9.87,12.92,16.08,23.92,4.78,3.500
White,6.10,DEF,Arsenal,12,100,4.50,,2.22,1.20,2.22,6.30,4.50,6.72,7.92,10.13,18.66,3.73,2.583
Zinchenko,4.80,DEF,Arsenal,11,100,4.00,,2.00,1.00,2.00,6.00,4.00,6.00,7.00,9.00,17.00,3.40,2.273
Neto,4.10,GK,Arsenal,2,100,7.49,,4.23,3.89,4.46,7.40,7.49,11.73,15.62,20.09,31.29,6.26,3.500
Sterling,6.70,MID,Arsenal,13,100,4.93,,2.40,2.36,2.40,3.55,4.93,7.33,9.69,12.09,18.06,3.61,1.615
Calafiori,5.80,DEF,Arsenal,17,0,5.78,,2.76,1.69,2.76,7.06,5.78,8.54,10.23,12.99,22.86,4.57,2.176
Lewis-Skelly,4.50,MID,Arsenal,17,100,4.59,,2.25,2.23,2.25,3.35,4.59,6.85,9.08,11.33,16.95,3.39,1.588
Merino,6.10,MID,Arsenal,24,100,6.78,,3.19,3.08,3.19,4.65,6.78,9.96,13.04,16.23,24.13,4.83,3.375
Oulad M'hand,4.50,MID,Arsenal,0,,4.00,,2.00,2.00,2.00,3.00,4.00,6.00,8.00,10.00,15.00,3.00,0.000
Setford,4.50,GK,Arsenal,0,,4.00,,2.00,1.00,2.00,6.00,4.00,6.00,7.00,9.00,17.00,3.40,0.000
Kacurri,4.00,DEF,Arsenal,0,0,4.00,,2.00,1.00,2.00,6.00,4.00,6.00,7.00,9.00,17.00,3.40,0.000
Kabia,4.50,MID,Arsenal,0,,4.00,,2.00,2.00,2.00,3.00,4.00,6.00,8.00,10.00,15.00,3.00,0.000
Nichols,4.00,DEF,Arsenal,0,,4.00,,2.00,1.00,2.00,6.00,4.00,6.00,7.00,9.00,17.00,3.40,0.000
Butler-Oyedeji,4.50,FWD,Arsenal,0,,4.00,,2.00,2.00,2.00,2.00,4.00,6.00,8.00,10.00,14.00,2.80,0.000
Porter,4.00,GK,Arsenal,0,,4.00,,2.00,1.00,2.00,6.00,4.00,6.00,7.00,9.00,17.00,3.40,0.000
Gower,4.50,MID,Arsenal,0,,4.00,,2.00,2.00,2.00,3.00,4.00,6.00,8.00,10.00,15.00,3.00,0.000
Jack Henry-Francis,4.50,MID,Arsenal,0,,4.00,,2.00,2.00,2.00,3.00,4.00,6.00,8.00,10.00,15.00,3.00,0.000
Bailey,6.20,MID,Aston Villa,23,75,4.85,,2.43,2.42,2.46,2.44,4.85,7.28,9.70,12.16,17.03,3.41,2.000
Barkley,5.20,MID,Aston Villa,16,100,6.00,,3.02,2.99,3.08,3.04,6.00,9.01,12.00,15.08,21.13,4.23,2.500
Barrenechea,4.90,MID,Aston Villa,0,0,4.00,,2.00,2.00,2.00,2.00,4.00,6.00,8.00,10.00,14.00,2.80,0.000
Buendia,5.10,MID,Aston Villa,12,0,4.00,,2.00,2.00,2.00,2.00,4.00,6.00,8.00,10.00,14.00,2.80,0.917
Cash,4.40,DEF,Aston Villa,21,100,2.76,,2.39,1.38,1.41,2.40,2.76,5.15,6.52,7.94,11.72,2.34,2.524
Dendoncker,4.50,MID,Aston Villa,0,0,4.00,,2.00,2.00,2.00,2.00,4.00,6.00,8.00,10.00,14.00,2.80,0.000
Diaby,6.50,MID,Aston Villa,0,0,4.00,,2.00,2.00,2.00,2.00,4.00,6.00,8.00,10.00,14.00,2.80,0.000
Diego Carlos,4.50,DEF,Aston Villa,10,0,2.00,,2.00,1.00,1.00,2.00,2.00,4.00,5.00,6.00,9.00,1.80,2.100
Digne,4.50,DEF,Aston Villa,29,,2.92,,2.47,1.45,1.50,2.48,2.92,5.39,6.84,8.34,12.28,2.46,2.793
Dobbin,5.00,MID,Aston Villa,0,0,4.00,,2.00,2.00,2.00,2.00,4.00,6.00,8.00,10.00,14.00,2.80,0.000
Duran,5.70,FWD,Aston Villa,20,0,6.48,,3.27,3.23,3.35,3.29,6.48,9.75,12.98,16.33,22.88,4.58,2.650
Gauci,4.00,GK,Aston Villa,0,0,2.00,,2.00,1.00,1.00,2.00,2.00,4.00,5.00,6.00,9.00,1.80,0.000
Hause,3.90,DEF,Aston Villa,0,,2.00,,2.00,1.00,1.00,2.00,2.00,4.00,5.00,6.00,9.00,1.80,0.000
Iling Jr,5.40,MID,Aston Villa,0,0,4.00,,2.00,2.00,2.00,2.00,4.00,6.00,8.00,10.00,14.00,2.80,0.000
Kamara,5.00,MID,Aston Villa,19,100,4.00,,2.00,2.00,2.00,2.00,4.00,6.00,8.00,10.00,14.00,2.80,1.842
Kesler-Hayden,4.00,DEF,Aston Villa,0,0,2.00,,2.00,1.00,1.00,2.00,2.00,4.00,5.00,6.00,9.00,1.80,0.000
Konsa,4.40,DEF,Aston Villa,28,100,2.38,,2.19,1.19,1.21,2.20,2.38,4.57,5.76,6.97,10.36,2.07,2.607
Maatsen,4.50,DEF,Aston Villa,23,100,2.46,,2.24,1.23,1.25,2.24,2.46,4.70,5.93,7.18,10.65,2.13,1.522
Marschall,4.00,GK,Aston Villa,0,0,2.00,,2.00,1.00,1.00,2.00,2.00,4.00,5.00,6.00,9.00,1.80,0.000
Martinez,5.00,GK,Aston Villa,31,100,4.13,,2.92,1.97,2.03,2.78,4.13,7.05,9.03,11.06,15.92,3.18,2.774
McGinn,5.20,MID,Aston Villa,28,100,4.89,,2.45,2.44,2.48,2.46,4.89,7.34,9.78,12.26,17.17,3.43,2.214
Mings,4.40,DEF,Aston Villa,12,100,2.44,,2.23,1.22,1.24,2.23,2.44,4.67,5.89,7.13,10.58,2.12,3.250
Nedeljkovic,3.90,DEF,Aston Villa,5,0,2.00,,2.00,1.00,1.00,2.00,2.00,4.00,5.00,6.00,9.00,1.80,1.000
Olsen,4.50,GK,Aston Villa,3,100,3.38,,2.60,1.63,1.67,2.51,3.38,5.98,7.61,9.28,13.49,2.70,2.667
Pau,4.20,DEF,Aston Villa,19,100,2.00,,2.00,1.00,1.00,2.00,2.00,4.00,5.00,6.00,9.00,1.80,2.105
Ramsey,5.40,MID,Aston Villa,24,100,5.03,,2.53,2.51,2.56,2.54,5.03,7.56,10.07,12.64,17.70,3.54,2.458
Rogers,5.60,MID,Aston Villa,31,100,7.66,,3.87,3.81,3.99,3.91,7.66,11.53,15.34,19.33,27.09,5.42,4.452
Sinisalo,4.00,GK,Aston Villa,0,0,2.00,,2.00,1.00,1.00,2.00,2.00,4.00,5.00,6.00,9.00,1.80,0.000
Sousa,4.00,DEF,Aston Villa,0,0,2.00,,2.00,1.00,1.00,2.00,2.00,4.00,5.00,6.00,9.00,1.80,0.000
Tielemans,5.50,MID,Aston Villa,32,,5.55,,2.79,2.77,2.84,2.81,5.55,8.34,11.11,13.95,19.55,3.91,3.125
Watkins,8.90,FWD,Aston Villa,32,100,8.10,,4.09,4.03,4.23,4.14,8.10,12.20,16.22,20.45,28.66,5.73,4.875
Disasi,4.20,DEF,Aston Villa,12,100,2.89,,2.45,1.44,1.48,2.46,2.89,5.34,6.78,8.26,12.17,2.43,2.667
Onana,4.80,MID,Aston Villa,20,100,4.89,,2.45,2.44,2.48,2.46,4.89,7.34,9.78,12.26,17.17,3.43,2.350
Rashford,6.70,MID,Aston Villa,23,100,6.85,,3.46,3.41,3.55,3.49,6.85,10.31,13.72,17.27,24.20,4.84,3.739
Bogarde,3.90,DEF,Aston Villa,8,,2.00,,2.00,1.00,1.00,2.00,2.00,4.00,5.00,6.00,9.00,1.80,0.750
Swinkels,4.00,DEF,Aston Villa,0,0,2.00,,2.00,1.00,1.00,2.00,2.00,4.00,5.00,6.00,9.00,1.80,0.000
Zych,4.00,GK,Aston Villa,0,,2.00,,2.00,1.00,1.00,2.00,2.00,4.00,5.00,6.00,9.00,1.80,0.000
Young,4.40,MID,Aston Villa,0,0,4.00,,2.00,2.00,2.00,2.00,4.00,6.00,8.00,10.00,14.00,2.80,0.000
Broggio,4.50,MID,Aston Villa,0,,4.00,,2.00,2.00,2.00,2.00,4.00,6.00,8.00,10.00,14.00,2.80,0.000
Jimoh,4.50,MID,Aston Villa,0,,4.00,,2.00,2.00,2.00,2.00,4.00,6.00,8.00,10.00,14.00,2.80,0.000
Malen,5.30,MID,Aston Villa,9,,6.96,,3.51,3.46,3.60,3.54,6.96,10.47,13.93,17.53,24.57,4.91,3.222
A. Garcia,4.50,DEF,Aston Villa,7,,2.00,,2.00,1.00,1.00,2.00,2.00,4.00,5.00,6.00,9.00,1.80,1.143
M.Asensio,6.20,MID,Aston Villa,7,,9.32,,4.72,4.63,4.89,4.77,9.32,14.04,18.67,23.56,33.02,6.60,4.857
Aarons,4.30,DEF,Bournemouth,3,0,2.00,2.00,2.00,2.00,1.00,5.52,4.00,6.00,8.00,9.00,14.52,2.42,2.667
Adams,4.90,MID,Bournemouth,22,100,2.39,2.39,2.31,2.39,2.37,3.37,4.77,7.08,9.47,11.84,15.22,2.54,2.091
Anthony,4.50,MID,Bournemouth,0,0,2.00,2.00,2.00,2.00,2.00,2.88,4.00,6.00,8.00,10.00,12.88,2.15,0.000
Brooks,4.90,MID,Bournemouth,24,100,2.51,2.51,2.41,2.52,2.49,3.53,5.02,7.43,9.95,12.44,15.98,2.66,1.875
Christie,4.90,MID,Bournemouth,29,0,2.62,2.62,2.50,2.62,2.60,3.67,5.23,7.73,10.36,12.95,16.62,2.77,2.621
Cook,5.00,MID,Bournemouth,31,100,2.52,2.52,2.42,2.52,2.50,3.54,5.03,7.45,9.97,12.47,16.01,2.67,2.484
Enes Ünal,5.40,FWD,Bournemouth,17,0,2.61,2.61,2.49,2.62,2.59,2.78,5.22,7.71,10.33,12.92,15.70,2.62,1.882
Faivre,5.00,MID,Bournemouth,0,0,2.00,2.00,2.00,2.00,2.00,2.88,4.00,6.00,8.00,10.00,12.88,2.15,0.000
H.Traorè,4.50,MID,Bournemouth,0,0,2.00,2.00,2.00,2.00,2.00,2.88,4.00,6.00,8.00,10.00,12.88,2.15,0.000
Hill,3.90,DEF,Bournemouth,10,100,2.28,2.28,2.23,2.29,1.27,5.88,4.56,6.79,9.08,10.35,16.23,2.71,1.700
Jebbison,4.50,FWD,Bournemouth,11,100,2.00,2.00,2.00,2.00,2.00,2.00,4.00,6.00,8.00,10.00,12.00,2.00,0.909
Kerkez,5.30,DEF,Bournemouth,32,100,2.88,2.88,2.72,2.89,1.85,6.65,5.76,8.48,11.37,13.23,19.87,3.31,3.531
Kluivert,6.00,MID,Bournemouth,28,50,4.62,4.62,4.13,4.65,4.54,6.24,9.24,13.37,18.02,22.56,28.80,4.80,5.250
Mepham,4.40,DEF,Bournemouth,0,0,2.00,2.00,2.00,2.00,1.00,5.52,4.00,6.00,8.00,9.00,14.52,2.42,0.000
O.Dango,4.80,MID,Bournemouth,29,100,3.53,3.53,3.24,3.54,3.48,4.83,7.05,10.29,13.83,17.31,22.14,3.69,3.655
Paulsen,4.00,GK,Bournemouth,0,0,2.00,2.00,2.00,2.00,1.00,5.52,4.00,6.00,8.00,9.00,14.52,2.42,0.000
Philip,4.80,MID,Bournemouth,10,0,2.00,2.00,2.00,2.00,2.00,2.88,4.00,6.00,8.00,10.00,12.88,2.15,1.000
Scott,4.70,MID,Bournemouth,15,100,2.00,2.00,2.00,2.00,2.00,2.88,4.00,6.00,8.00,10.00,12.88,2.15,1.400
Semenyo,5.70,MID,Bournemouth,31,100,3.76,3.76,3.43,3.78,3.71,5.14,7.52,10.95,14.73,18.44,23.57,3.93,4.161
Senesi,4.60,DEF,Bournemouth,14,100,2.00,2.00,2.00,2.00,1.00,5.52,4.00,6.00,8.00,9.00,14.52,2.42,1.643
Sinisterra,4.80,MID,Bournemouth,12,25,2.63,2.63,2.51,2.63,2.61,3.68,5.25,7.76,10.40,13.01,16.69,2.78,1.917
Smith,4.40,DEF,Bournemouth,20,100,2.00,2.00,2.00,2.00,1.00,5.52,4.00,6.00,8.00,9.00,14.52,2.42,2.100
Tavernier,5.40,MID,Bournemouth,23,100,3.35,3.35,3.10,3.36,3.31,4.61,6.70,9.80,13.16,16.47,21.08,3.51,3.174
Travers,4.40,GK,Bournemouth,5,0,3.58,3.50,3.98,3.94,3.10,6.91,7.08,11.06,15.00,18.10,25.02,4.17,3.800
Zabarnyi,4.40,DEF,Bournemouth,30,100,2.00,2.00,2.00,2.00,1.00,5.52,4.00,6.00,8.00,9.00,14.52,2.42,2.267
Arrizabalaga,4.60,GK,Bournemouth,25,100,3.02,2.97,3.27,3.25,2.35,6.42,5.99,9.26,12.51,14.86,21.28,3.55,3.400
Huijsen,4.50,DEF,Bournemouth,26,,2.54,2.54,2.44,2.55,1.53,6.21,5.09,7.53,10.08,11.60,17.81,2.97,3.154
J.Araujo,4.30,DEF,Bournemouth,8,100,2.00,2.00,2.00,2.00,1.00,5.52,4.00,6.00,8.00,9.00,14.52,2.42,1.000
Dennis,3.90,GK,Bournemouth,0,,2.00,2.00,2.00,2.00,1.00,5.52,4.00,6.00,8.00,9.00,14.52,2.42,0.000
Evanilson,5.80,FWD,Bournemouth,25,100,3.81,3.81,3.47,3.83,3.75,4.32,7.61,11.08,14.91,18.66,22.97,3.83,4.480
Kinsey,4.00,DEF,Bournemouth,0,,2.00,2.00,2.00,2.00,1.00,5.52,4.00,6.00,8.00,9.00,14.52,2.42,0.000
Winterburn,4.50,MID,Bournemouth,3,,2.00,2.00,2.00,2.00,2.00,2.88,4.00,6.00,8.00,10.00,12.88,2.15,1.000
Harris,4.00,DEF,Bournemouth,0,,2.00,2.00,2.00,2.00,1.00,5.52,4.00,6.00,8.00,9.00,14.52,2.42,0.000
Rees-Dottin,4.50,FWD,Bournemouth,1,,2.00,2.00,2.00,2.00,2.00,2.00,4.00,6.00,8.00,10.00,12.00,2.00,1.000
Akinmboni,4.00,DEF,Bournemouth,0,,2.00,2.00,2.00,2.00,1.00,5.52,4.00,6.00,8.00,9.00,14.52,2.42,0.000
Soler,3.90,DEF,Bournemouth,1,100,2.00,2.00,2.00,2.00,1.00,5.52,4.00,6.00,8.00,9.00,14.52,2.42,1.000
Adu-Adjei,4.50,FWD,Bournemouth,0,,2.00,2.00,2.00,2.00,2.00,2.00,4.00,6.00,8.00,10.00,12.00,2.00,0.000
Sadi,4.50,MID,Bournemouth,0,,2.00,2.00,2.00,2.00,2.00,2.88,4.00,6.00,8.00,10.00,12.88,2.15,0.000
McKenna,4.00,GK,Bournemouth,0,,2.00,2.00,2.00,2.00,1.00,5.52,4.00,6.00,8.00,9.00,14.52,2.42,0.000
Silcott-Duberry,4.50,MID,Bournemouth,1,,2.00,2.00,2.00,2.00,2.00,2.88,4.00,6.00,8.00,10.00,12.88,2.15,1.000
Ajer,4.40,DEF,Brentford,19,100,1.00,1.00,2.00,2.00,1.00,1.00,2.00,4.00,6.00,7.00,8.00,1.33,1.947
Brierley,4.40,MID,Brentford,0,100,2.00,2.00,2.00,2.00,2.00,2.00,4.00,6.00,8.00,10.00,12.00,2.00,0.000
Collins,4.50,DEF,Brentford,33,,1.89,1.79,2.86,3.05,1.84,2.00,3.68,6.54,9.59,11.43,13.43,2.24,3.152
Damsgaard,5.00,MID,Brentford,32,100,3.13,3.01,3.09,3.34,3.07,3.27,6.14,9.23,12.57,15.63,18.90,3.15,3.563
Dasilva,4.80,MID,Brentford,0,0,2.00,2.00,2.00,2.00,2.00,2.00,4.00,6.00,8.00,10.00,12.00,2.00,0.000
Flekken,4.40,GK,Brentford,31,100,2.53,2.55,3.29,3.31,2.49,2.51,5.08,8.37,11.67,14.17,16.68,2.78,3.516
Henry,4.30,DEF,Brentford,1,100,1.00,1.00,2.00,2.00,1.00,1.00,2.00,4.00,6.00,7.00,8.00,1.33,1.000
Hickey,4.30,DEF,Brentford,0,50,1.00,1.00,2.00,2.00,1.00,1.00,2.00,4.00,6.00,7.00,8.00,1.33,0.000
Janelt,4.80,MID,Brentford,31,100,2.44,2.39,2.43,2.52,2.42,2.50,4.84,7.26,9.78,12.20,14.70,2.45,2.323
Jensen,5.30,MID,Brentford,18,100,2.16,2.15,2.16,2.19,2.15,2.18,4.31,6.47,8.66,10.81,13.00,2.17,1.667
Ji-soo,3.90,DEF,Brentford,3,,1.00,1.00,2.00,2.00,1.00,1.00,2.00,4.00,6.00,7.00,8.00,1.33,1.000
Konak,4.40,MID,Brentford,7,,2.00,2.00,2.00,2.00,2.00,2.00,4.00,6.00,8.00,10.00,12.00,2.00,1.000
Lewis-Potter,5.00,MID,Brentford,32,,2.52,2.46,2.50,2.61,2.49,2.58,4.98,7.48,10.10,12.59,15.17,2.53,2.531
Mbeumo,8.00,MID,Brentford,32,100,5.00,4.67,4.88,5.54,4.82,5.36,9.67,14.56,20.10,24.92,30.28,5.05,6.000
Mee,4.20,DEF,Brentford,7,100,1.00,1.00,2.00,2.00,1.00,1.00,2.00,4.00,6.00,7.00,8.00,1.33,1.286
Nørgaard,4.80,MID,Brentford,28,100,2.91,2.81,2.87,3.07,2.86,3.02,5.72,8.59,11.67,14.52,17.54,2.92,2.821
Onyeka,4.90,MID,Brentford,2,0,2.00,2.00,2.00,2.00,2.00,2.00,4.00,6.00,8.00,10.00,12.00,2.00,1.000
Peart-Harris,4.50,MID,Brentford,0,0,2.00,2.00,2.00,2.00,2.00,2.00,4.00,6.00,8.00,10.00,12.00,2.00,0.000
Pinnock,4.40,DEF,Brentford,22,100,1.53,1.48,2.51,2.63,1.50,1.60,3.01,5.52,8.16,9.66,11.26,1.88,2.136
Roerslev,4.30,DEF,Brentford,19,0,1.31,1.28,2.30,2.37,1.29,1.35,2.59,4.88,7.25,8.54,9.89,1.65,1.895
Schade,5.10,MID,Brentford,32,100,3.44,3.28,3.38,3.70,3.35,3.61,6.72,10.10,13.80,17.16,20.77,3.46,3.438
Thiago,5.90,FWD,Brentford,4,0,2.00,2.00,2.00,2.00,2.00,2.00,4.00,6.00,8.00,10.00,12.00,2.00,1.250
Toney,7.30,FWD,Brentford,0,0,2.00,2.00,2.00,2.00,2.00,2.00,4.00,6.00,8.00,10.00,12.00,2.00,0.000
Valdimarsson,3.90,GK,Brentford,2,,1.75,1.77,2.63,2.63,1.73,1.73,3.52,6.14,8.77,10.50,12.23,2.04,1.000
Wissa,6.50,FWD,Brentford,29,100,4.30,4.05,4.21,4.71,4.16,4.57,8.34,12.55,17.26,21.43,26.00,4.33,5.103
Yarmoliuk,4.30,MID,Brentford,26,,2.00,2.00,2.00,2.00,2.00,2.00,4.00,6.00,8.00,10.00,12.00,2.00,1.192
Zanka,4.50,DEF,Brentford,0,0,1.00,1.00,2.00,2.00,1.00,1.00,2.00,4.00,6.00,7.00,8.00,1.33,0.000
Carvalho,4.50,MID,Brentford,19,0,2.67,2.60,2.64,2.79,2.63,2.75,5.27,7.91,10.70,13.33,16.09,2.68,1.842
Van den Berg,4.10,DEF,Brentford,26,100,1.11,1.10,2.11,2.13,1.11,1.13,2.21,4.32,6.46,7.56,8.69,1.45,1.769
Trevitt,4.40,MID,Brentford,1,0,2.00,2.00,2.00,2.00,2.00,2.00,4.00,6.00,8.00,10.00,12.00,2.00,1.000
G.Nunes,4.90,MID,Brentford,1,100,2.00,2.00,2.00,2.00,2.00,2.00,4.00,6.00,8.00,10.00,12.00,2.00,1.000
Meghoma,4.00,DEF,Brentford,1,0,1.00,1.00,2.00,2.00,1.00,1.00,2.00,4.00,6.00,7.00,8.00,1.33,1.000
Yogane,4.50,MID,Brentford,0,0,2.00,2.00,2.00,2.00,2.00,2.00,4.00,6.00,8.00,10.00,12.00,2.00,0.000
Maghoma,4.50,MID,Brentford,8,,2.00,2.00,2.00,2.00,2.00,2.00,4.00,6.00,8.00,10.00,12.00,2.00,1.000
Arthur,4.00,DEF,Brentford,0,,1.00,1.00,2.00,2.00,1.00,1.00,2.00,4.00,6.00,7.00,8.00,1.33,0.000
Kayode,4.50,DEF,Brentford,6,100,1.00,1.00,2.00,2.00,1.00,1.00,2.00,4.00,6.00,7.00,8.00,1.33,1.000
Eyestone,4.00,GK,Brentford,0,,1.00,1.00,2.00,2.00,1.00,1.00,2.00,4.00,6.00,7.00,8.00,1.33,0.000
Morgan,4.50,FWD,Brentford,0,,2.00,2.00,2.00,2.00,2.00,2.00,4.00,6.00,8.00,10.00,12.00,2.00,0.000
Benjamin Fredrick,4.00,DEF,Brentford,0,,1.00,1.00,2.00,2.00,1.00,1.00,2.00,4.00,6.00,7.00,8.00,1.33,0.000
Adingra,5.10,MID,Brighton,24,100,2.67,2.71,2.61,2.76,2.55,2.67,5.38,7.99,10.74,13.29,15.97,2.66,1.958
Baker-Boaitey,4.50,MID,Brighton,0,0,2.00,2.00,2.00,2.00,2.00,2.00,4.00,6.00,8.00,10.00,12.00,2.00,0.000
Baleba,5.00,MID,Brighton,28,100,2.46,2.49,2.43,2.53,2.38,2.47,4.96,7.38,9.91,12.29,14.76,2.46,2.357
Barco,4.00,DEF,Brighton,0,0,1.00,2.00,1.00,2.00,1.00,1.00,3.00,4.00,6.00,7.00,8.00,1.33,0.000
Cozier-Duberry,4.50,MID,Brighton,0,0,2.00,2.00,2.00,2.00,2.00,2.00,4.00,6.00,8.00,10.00,12.00,2.00,0.000
Dahoud,4.90,MID,Brighton,0,0,2.00,2.00,2.00,2.00,2.00,2.00,4.00,6.00,8.00,10.00,12.00,2.00,0.000
Dunk,4.20,DEF,Brighton,22,100,1.14,2.14,1.13,2.15,1.11,1.14,3.28,4.41,6.56,7.67,8.81,1.47,1.864
Estupiñan,4.90,DEF,Brighton,25,100,1.36,2.38,1.33,2.41,1.30,1.36,3.74,5.07,7.48,8.78,10.14,1.69,2.120
Gilmour,5.00,MID,Brighton,2,0,2.00,2.00,2.00,2.00,2.00,2.00,4.00,6.00,8.00,10.00,12.00,2.00,1.500
Gross,6.50,MID,Brighton,0,0,2.00,2.00,2.00,2.00,2.00,2.00,4.00,6.00,8.00,10.00,12.00,2.00,0.000
Hinshelwood,4.90,MID,Brighton,20,100,2.65,2.69,2.60,2.74,2.53,2.66,5.34,7.94,10.67,13.21,15.87,2.64,2.750
I.Osman,5.00,MID,Brighton,0,0,2.00,2.00,2.00,2.00,2.00,2.00,4.00,6.00,8.00,10.00,12.00,2.00,0.000
Igor,4.30,DEF,Brighton,12,0,1.00,2.00,1.00,2.00,1.00,1.00,3.00,4.00,6.00,7.00,8.00,1.33,1.417
João Pedro,5.60,FWD,Brighton,26,100,4.23,4.37,4.04,4.53,3.84,4.25,8.60,12.65,17.18,21.01,25.27,4.21,4.885
Kozlowski,4.50,MID,Brighton,0,0,2.00,2.00,2.00,2.00,2.00,2.00,4.00,6.00,8.00,10.00,12.00,2.00,0.000
Lamptey,4.40,DEF,Brighton,13,0,2.38,3.47,2.27,3.57,2.14,2.40,5.86,8.13,11.70,13.84,16.24,2.71,3.077
March,6.50,MID,Brighton,6,100,2.00,2.00,2.00,2.00,2.00,2.00,4.00,6.00,8.00,10.00,12.00,2.00,0.667
Mazilu,4.50,MID,Brighton,0,0,2.00,2.00,2.00,2.00,2.00,2.00,4.00,6.00,8.00,10.00,12.00,2.00,0.000
Milner,5.00,MID,Brighton,3,0,2.00,2.00,2.00,2.00,2.00,2.00,4.00,6.00,8.00,10.00,12.00,2.00,1.667
Minteh,5.00,MID,Brighton,26,100,3.54,3.63,3.41,3.75,3.27,3.55,7.17,10.58,14.33,17.60,21.15,3.53,3.192
Mitoma,6.40,MID,Brighton,31,75,3.52,3.61,3.39,3.72,3.25,3.53,7.13,10.52,14.24,17.49,21.02,3.50,3.935
Moder,4.40,MID,Brighton,4,0,2.00,2.00,2.00,2.00,2.00,2.00,4.00,6.00,8.00,10.00,12.00,2.00,1.000
O’Mahony,4.50,FWD,Brighton,0,0,2.00,2.00,2.00,2.00,2.00,2.00,4.00,6.00,8.00,10.00,12.00,2.00,0.000
Offiah,4.00,DEF,Brighton,0,0,1.00,2.00,1.00,2.00,1.00,1.00,3.00,4.00,6.00,7.00,8.00,1.33,0.000
Peupion,4.40,MID,Brighton,0,0,2.00,2.00,2.00,2.00,2.00,2.00,4.00,6.00,8.00,10.00,12.00,2.00,0.000
Sarmiento,4.90,MID,Brighton,1,0,2.00,2.00,2.00,2.00,2.00,2.00,4.00,6.00,8.00,10.00,12.00,2.00,1.000
Steele,4.00,GK,Brighton,2,0,2.56,3.30,2.69,3.48,2.92,2.66,5.86,8.55,12.03,14.95,17.61,2.93,4.500
Undav,5.50,FWD,Brighton,0,0,2.00,2.00,2.00,2.00,2.00,2.00,4.00,6.00,8.00,10.00,12.00,2.00,0.000
Van Hecke,4.50,DEF,Brighton,29,100,1.31,2.33,1.28,2.35,1.26,1.31,3.64,4.92,7.28,8.53,9.85,1.64,2.621
Veltman,4.30,DEF,Brighton,19,0,1.00,2.00,1.00,2.00,1.00,1.00,3.00,4.00,6.00,7.00,8.00,1.33,3.053
Verbruggen,4.60,GK,Brighton,30,100,1.89,2.76,1.95,2.87,2.06,1.94,4.66,6.60,9.47,11.53,13.47,2.24,2.867
Webster,4.30,DEF,Brighton,11,0,1.00,2.00,1.00,2.00,1.00,1.00,3.00,4.00,6.00,7.00,8.00,1.33,2.364
Welbeck,5.50,FWD,Brighton,25,100,3.76,3.87,3.61,4.00,3.45,3.78,7.63,11.24,15.24,18.69,22.47,3.74,4.120
Wieffer,4.70,MID,Brighton,19,100,2.58,2.62,2.53,2.66,2.48,2.58,5.19,7.72,10.38,12.86,15.44,2.57,1.684
Gruda,5.40,MID,Brighton,16,100,2.19,2.20,2.17,2.21,2.15,2.19,4.39,6.56,8.77,10.93,13.12,2.19,1.438
Ayari,5.00,MID,Brighton,27,100,2.11,2.12,2.10,2.13,2.09,2.11,4.23,6.33,8.46,10.55,12.66,2.11,1.926
Moran,5.00,MID,Brighton,0,0,2.00,2.00,2.00,2.00,2.00,2.00,4.00,6.00,8.00,10.00,12.00,2.00,0.000
Rushworth,3.90,GK,Brighton,0,100,1.00,2.00,1.00,2.00,1.00,1.00,3.00,4.00,6.00,7.00,8.00,1.33,0.000
Georginio,5.00,MID,Brighton,28,0,3.54,3.63,3.41,3.74,3.26,3.55,7.17,10.58,14.32,17.58,21.13,3.52,3.393
F.Kadıoğlu,4.40,DEF,Brighton,6,0,2.00,3.06,1.92,3.14,1.82,2.01,5.06,6.98,10.11,11.94,13.95,2.32,3.167
O'Riley,5.50,MID,Brighton,15,100,2.73,2.78,2.67,2.83,2.60,2.74,5.51,8.18,11.02,13.62,16.36,2.73,2.200
Samuels,4.00,DEF,Brighton,0,0,1.00,2.00,1.00,2.00,1.00,1.00,3.00,4.00,6.00,7.00,8.00,1.33,0.000
Cahill,3.90,GK,Brighton,0,,1.00,2.00,1.00,2.00,1.00,1.00,3.00,4.00,6.00,7.00,8.00,1.33,0.000
McConville,4.00,DEF,Brighton,0,0,1.00,2.00,1.00,2.00,1.00,1.00,3.00,4.00,6.00,7.00,8.00,1.33,0.000
Slater,4.00,DEF,Brighton,0,,1.00,2.00,1.00,2.00,1.00,1.00,3.00,4.00,6.00,7.00,8.00,1.33,0.000
Gómez,5.50,MID,Brighton,10,100,2.00,2.00,2.00,2.00,2.00,2.00,4.00,6.00,8.00,10.00,12.00,2.00,1.400
Knight,4.50,MID,Brighton,0,,2.00,2.00,2.00,2.00,2.00,2.00,4.00,6.00,8.00,10.00,12.00,2.00,0.000
Cashin,4.50,DEF,Brighton,0,,1.00,2.00,1.00,2.00,1.00,1.00,3.00,4.00,6.00,7.00,8.00,1.33,0.000
Charlie Tasker,4.00,DEF,Brighton,0,,1.00,2.00,1.00,2.00,1.00,1.00,3.00,4.00,6.00,7.00,8.00,1.33,0.000
Freddie Simmonds,4.00,DEF,Brighton,0,,1.00,2.00,1.00,2.00,1.00,1.00,3.00,4.00,6.00,7.00,8.00,1.33,0.000
Harry Howell,4.50,MID,Brighton,0,,2.00,2.00,2.00,2.00,2.00,2.00,4.00,6.00,8.00,10.00,12.00,2.00,0.000
Andrey Santos,4.50,MID,Chelsea,0,0,2.00,2.00,2.00,2.00,2.00,2.00,4.00,6.00,8.00,10.00,12.00,2.00,0.000
Ângelo,4.50,MID,Chelsea,0,0,2.00,2.00,2.00,2.00,2.00,2.00,4.00,6.00,8.00,10.00,12.00,2.00,0.000
B.Badiashile,4.20,DEF,Chelsea,5,100,2.00,2.00,1.00,1.00,2.00,2.00,4.00,5.00,6.00,8.00,10.00,1.67,1.400
Bergström,3.90,GK,Chelsea,0,,2.00,2.00,1.00,1.00,2.00,2.00,4.00,5.00,6.00,8.00,10.00,1.67,0.000
Bettinelli,3.90,GK,Chelsea,0,,2.00,2.00,1.00,1.00,2.00,2.00,4.00,5.00,6.00,8.00,10.00,1.67,0.000
Caicedo,4.90,MID,Chelsea,32,,2.39,2.37,2.34,2.38,2.39,2.37,4.75,7.09,9.47,11.86,14.23,2.37,2.531
Casadei,4.40,MID,Chelsea,0,0,2.00,2.00,2.00,2.00,2.00,2.00,4.00,6.00,8.00,10.00,12.00,2.00,0.000
Chalobah,4.40,DEF,Chelsea,21,100,2.88,2.84,1.78,1.86,2.90,2.84,5.72,7.50,9.36,12.26,15.10,2.52,3.762
Chukwuemeka,4.70,MID,Chelsea,0,0,2.00,2.00,2.00,2.00,2.00,2.00,4.00,6.00,8.00,10.00,12.00,2.00,0.000
Colwill,4.40,DEF,Chelsea,29,100,2.27,2.26,1.24,1.27,2.28,2.26,4.53,5.78,7.04,9.32,11.58,1.93,2.724
Cucurella,5.40,DEF,Chelsea,30,100,2.88,2.84,1.78,1.86,2.90,2.84,5.72,7.50,9.36,12.26,15.10,2.52,3.333
D.D.Fofana,5.40,FWD,Chelsea,0,0,2.00,2.00,2.00,2.00,2.00,2.00,4.00,6.00,8.00,10.00,12.00,2.00,0.000
Deivid,4.90,FWD,Chelsea,0,0,2.00,2.00,2.00,2.00,2.00,2.00,4.00,6.00,8.00,10.00,12.00,2.00,0.000
Dewsbury-Hall,5.50,MID,Chelsea,11,100,2.24,2.23,2.21,2.23,2.25,2.23,4.47,6.68,8.92,11.16,13.39,2.23,1.455
Enzo,4.70,MID,Chelsea,30,100,3.27,3.20,3.11,3.23,3.29,3.20,6.47,9.58,12.81,16.10,19.31,3.22,3.600
Gallagher,5.90,MID,Chelsea,0,0,2.00,2.00,2.00,2.00,2.00,2.00,4.00,6.00,8.00,10.00,12.00,2.00,0.000
Gilchrist,4.00,DEF,Chelsea,0,0,2.00,2.00,1.00,1.00,2.00,2.00,4.00,5.00,6.00,8.00,10.00,1.67,0.000
Gusto,4.90,DEF,Chelsea,28,100,2.09,2.09,1.08,1.09,2.10,2.09,4.18,5.27,6.36,8.46,10.55,1.76,1.964
James,4.80,DEF,Chelsea,13,100,2.61,2.58,1.54,1.59,2.62,2.58,5.19,6.73,8.32,10.95,13.53,2.25,2.615
Kellyman,4.30,MID,Chelsea,0,0,2.00,2.00,2.00,2.00,2.00,2.00,4.00,6.00,8.00,10.00,12.00,2.00,0.000
Lavia,4.50,MID,Chelsea,11,25,2.24,2.23,2.21,2.23,2.25,2.23,4.47,6.68,8.92,11.16,13.39,2.23,1.455
Lukaku,6.30,FWD,Chelsea,0,0,2.00,2.00,2.00,2.00,2.00,2.00,4.00,6.00,8.00,10.00,12.00,2.00,0.000
M.Sarr,4.50,DEF,Chelsea,0,0,2.00,2.00,1.00,1.00,2.00,2.00,4.00,5.00,6.00,8.00,10.00,1.67,0.000
Madueke,6.00,MID,Chelsea,26,100,3.70,3.61,3.49,3.65,3.73,3.61,7.31,10.81,14.46,18.19,21.80,3.63,4.115
Marc Guiu,4.70,FWD,Chelsea,3,25,2.00,2.00,2.00,2.00,2.00,2.00,4.00,6.00,8.00,10.00,12.00,2.00,1.000
Mudryk,6.10,MID,Chelsea,7,0,2.00,2.00,2.00,2.00,2.00,2.00,4.00,6.00,8.00,10.00,12.00,2.00,1.000
N.Jackson,7.70,FWD,Chelsea,26,100,3.84,3.74,3.61,3.78,3.87,3.74,7.58,11.19,14.97,18.85,22.59,3.76,4.269
Nkunku,5.70,MID,Chelsea,27,,2.69,2.65,2.60,2.67,2.70,2.65,5.34,7.94,10.61,13.31,15.97,2.66,2.222
Palmer,10.70,MID,Chelsea,31,100,4.85,4.71,4.51,4.76,4.91,4.71,9.56,14.06,18.83,23.74,28.45,4.74,6.194
Petrović,4.40,GK,Chelsea,0,0,2.00,2.00,1.00,1.00,2.00,2.00,4.00,5.00,6.00,8.00,10.00,1.67,0.000
Renato Veiga,4.40,MID,Chelsea,7,0,2.00,2.00,2.00,2.00,2.00,2.00,4.00,6.00,8.00,10.00,12.00,2.00,1.000
Sánchez,4.50,GK,Chelsea,26,,3.24,3.02,2.65,2.43,3.04,3.30,6.26,8.91,11.34,14.37,17.67,2.95,3.808
Tosin,4.20,DEF,Chelsea,19,,2.42,2.40,1.37,1.41,2.43,2.40,4.82,6.18,7.59,10.02,12.41,2.07,2.947
W.Fofana,4.30,DEF,Chelsea,14,0,2.00,2.00,1.00,1.00,2.00,2.00,4.00,5.00,6.00,8.00,10.00,1.67,1.857
Sancho,6.20,MID,Chelsea,26,100,3.02,2.97,2.90,2.99,3.04,2.97,5.99,8.88,11.87,14.91,17.88,2.98,3.077
Neto,6.10,MID,Chelsea,29,100,2.82,2.78,2.72,2.80,2.84,2.78,5.60,8.33,11.13,13.97,16.75,2.79,2.586
Wiley,4.00,DEF,Chelsea,0,0,2.00,2.00,1.00,1.00,2.00,2.00,4.00,5.00,6.00,8.00,10.00,1.67,0.000
Jørgensen,4.20,GK,Chelsea,6,100,2.98,2.81,2.31,2.13,2.82,3.03,5.79,8.10,10.24,13.06,16.09,2.68,3.000
João Félix,5.90,MID,Chelsea,12,0,2.81,2.77,2.71,2.79,2.83,2.77,5.58,8.29,11.08,13.90,16.67,2.78,2.000
Rak-Sakyi,4.50,MID,Chelsea,0,,2.00,2.00,2.00,2.00,2.00,2.00,4.00,6.00,8.00,10.00,12.00,2.00,0.000
George,4.50,MID,Chelsea,5,,2.53,2.50,2.47,2.51,2.54,2.50,5.03,7.50,10.01,12.56,15.06,2.51,1.400
Acheampong,4.00,DEF,Chelsea,4,,2.00,2.00,1.00,1.00,2.00,2.00,4.00,5.00,6.00,8.00,10.00,1.67,1.000
Amougou,4.50,MID,Chelsea,1,,2.00,2.00,2.00,2.00,2.00,2.00,4.00,6.00,8.00,10.00,12.00,2.00,1.000
Anselmino,4.00,DEF,Chelsea,0,,2.00,2.00,1.00,1.00,2.00,2.00,4.00,5.00,6.00,8.00,10.00,1.67,0.000
Mheuka,4.50,FWD,Chelsea,1,,2.00,2.00,2.00,2.00,2.00,2.00,4.00,6.00,8.00,10.00,12.00,2.00,1.000
Samuels-Smith,4.00,DEF,Chelsea,0,,2.00,2.00,1.00,1.00,2.00,2.00,4.00,5.00,6.00,8.00,10.00,1.67,0.000
Genesis Antwi,4.00,DEF,Chelsea,0,,2.00,2.00,1.00,1.00,2.00,2.00,4.00,5.00,6.00,8.00,10.00,1.67,0.000
Nketiah,5.90,FWD,Crystal Palace,23,100,4.81,,2.43,2.50,2.57,2.39,4.81,7.25,9.74,12.31,17.07,3.41,1.522
Chilwell,4.60,DEF,Crystal Palace,6,100,2.00,,1.00,1.00,2.00,1.00,2.00,3.00,4.00,6.00,8.00,1.60,0.833
Ahamada,4.50,MID,Crystal Palace,0,0,4.00,,2.00,2.00,2.00,2.00,4.00,6.00,8.00,10.00,14.00,2.80,0.000
C.Doucouré,4.80,MID,Crystal Palace,13,0,4.42,,2.22,2.26,2.29,2.20,4.42,6.65,8.90,11.20,15.59,3.12,1.462
C.Richards,4.40,DEF,Crystal Palace,19,100,2.90,,1.48,1.55,2.63,1.43,2.90,4.38,5.93,8.55,11.39,2.28,3.105
Chadi Riad,4.30,DEF,Crystal Palace,1,0,2.00,,1.00,1.00,2.00,1.00,2.00,3.00,4.00,6.00,8.00,1.60,1.000
Clyne,4.30,DEF,Crystal Palace,13,,2.00,,1.00,1.00,2.00,1.00,2.00,3.00,4.00,6.00,8.00,1.60,1.385
Ebiowei,4.50,MID,Crystal Palace,0,0,4.00,,2.00,2.00,2.00,2.00,4.00,6.00,8.00,10.00,14.00,2.80,0.000
Eze,6.90,MID,Crystal Palace,28,100,6.60,,3.39,3.59,3.82,3.25,6.60,9.99,13.58,17.39,23.83,4.77,3.679
Guéhi,4.70,DEF,Crystal Palace,30,100,3.52,,1.81,1.93,3.06,1.73,3.52,5.34,7.27,10.33,13.76,2.75,3.333
Henderson,4.60,GK,Crystal Palace,32,100,4.04,,1.99,2.06,2.95,2.24,4.04,6.03,8.09,11.04,15.32,3.06,3.531
Holding,4.20,DEF,Crystal Palace,0,0,2.00,,1.00,1.00,2.00,1.00,2.00,3.00,4.00,6.00,8.00,1.60,0.000
Hughes,4.90,MID,Crystal Palace,28,100,4.78,,2.42,2.48,2.55,2.38,4.78,7.20,9.68,12.23,16.96,3.39,1.964
Kamada,5.10,MID,Crystal Palace,28,100,4.00,,2.00,2.00,2.00,2.00,4.00,6.00,8.00,10.00,14.00,2.80,1.321
Lerma,4.80,MID,Crystal Palace,27,100,4.20,,2.11,2.12,2.14,2.10,4.20,6.31,8.44,10.58,14.77,2.95,1.815
Mateta,7.80,FWD,Crystal Palace,31,100,7.59,,3.91,4.20,4.51,3.73,7.59,11.50,15.70,20.21,27.57,5.51,4.323
M.França,4.40,MID,Crystal Palace,2,100,8.83,,4.57,4.95,5.37,4.33,8.83,13.40,18.35,23.72,32.23,6.45,3.500
Matthews,3.90,GK,Crystal Palace,0,,2.00,,1.00,1.00,2.00,1.00,2.00,3.00,4.00,6.00,8.00,1.60,0.000
Mitchell,4.80,DEF,Crystal Palace,32,,2.69,,1.37,1.42,2.48,1.33,2.69,4.05,5.47,7.95,10.59,2.12,3.125
Muñoz,5.30,DEF,Crystal Palace,31,100,4.38,,2.27,2.46,3.66,2.15,4.38,6.65,9.10,12.76,16.99,3.40,3.903
Ozoh,4.50,MID,Crystal Palace,0,0,4.00,,2.00,2.00,2.00,2.00,4.00,6.00,8.00,10.00,14.00,2.80,0.000
Rak-Sakyi,4.50,MID,Crystal Palace,0,0,4.00,,2.00,2.00,2.00,2.00,4.00,6.00,8.00,10.00,14.00,2.80,0.000
Schlupp,4.60,MID,Crystal Palace,12,0,4.00,,2.00,2.00,2.00,2.00,4.00,6.00,8.00,10.00,14.00,2.80,1.000
Ward,4.30,DEF,Crystal Palace,1,100,2.00,,1.00,1.00,2.00,1.00,2.00,3.00,4.00,6.00,8.00,1.60,1.000
Wharton,4.70,MID,Crystal Palace,17,100,4.32,,2.17,2.20,2.23,2.16,4.32,6.49,8.69,10.92,15.22,3.04,1.824
Turner,3.90,GK,Crystal Palace,0,100,2.00,,1.00,1.00,2.00,1.00,2.00,3.00,4.00,6.00,8.00,1.60,0.000
I.Sarr,5.80,MID,Crystal Palace,32,100,6.97,,3.58,3.82,4.07,3.43,6.97,10.55,14.36,18.44,25.21,5.04,3.875
Umeh-Chibueze,4.40,MID,Crystal Palace,0,100,4.00,,2.00,2.00,2.00,2.00,4.00,6.00,8.00,10.00,14.00,2.80,0.000
Devenny,4.50,MID,Crystal Palace,19,,4.51,,2.27,2.31,2.35,2.24,4.51,6.78,9.09,11.44,15.92,3.18,1.368
Agbinone,4.50,MID,Crystal Palace,2,0,4.00,,2.00,2.00,2.00,2.00,4.00,6.00,8.00,10.00,14.00,2.80,1.000
Rodney,4.50,MID,Crystal Palace,0,,4.00,,2.00,2.00,2.00,2.00,4.00,6.00,8.00,10.00,14.00,2.80,0.000
Lacroix,4.50,DEF,Crystal Palace,29,100,2.78,,1.41,1.48,2.54,1.37,2.78,4.19,5.67,8.21,10.94,2.19,3.310
Kporha,4.00,DEF,Crystal Palace,2,,2.00,,1.00,1.00,2.00,1.00,2.00,3.00,4.00,6.00,8.00,1.60,1.000
Marsh,4.50,FWD,Crystal Palace,0,,4.00,,2.00,2.00,2.00,2.00,4.00,6.00,8.00,10.00,14.00,2.80,0.000
Esse,4.70,MID,Crystal Palace,3,100,7.22,,3.71,3.97,4.25,3.55,7.22,10.93,14.90,19.14,26.15,5.23,3.333
Broja,5.30,FWD,Everton,9,100,2.00,2.00,2.00,2.00,2.00,2.00,4.00,6.00,8.00,10.00,12.00,2.00,1.111
A.Doucoure,5.10,MID,Everton,28,100,2.76,2.73,3.02,2.77,4.12,2.74,5.48,8.50,11.27,15.39,18.12,3.02,2.893
Beto,4.90,FWD,Everton,24,,3.18,3.13,3.58,3.19,3.74,3.15,6.31,9.89,13.08,16.82,19.97,3.33,2.750
Branthwaite,4.80,DEF,Everton,25,100,1.14,2.14,2.19,2.14,6.21,1.14,3.28,5.47,7.61,13.82,14.96,2.49,3.040
Calvert-Lewin,5.40,FWD,Everton,22,0,2.96,2.92,3.29,2.98,3.43,2.94,5.89,9.18,12.16,15.58,18.52,3.09,2.682
Coleman,4.30,DEF,Everton,3,100,1.00,2.00,2.00,2.00,6.00,1.00,3.00,5.00,7.00,13.00,14.00,2.33,1.000
Gana,4.80,MID,Everton,30,100,2.35,2.34,2.47,2.36,3.52,2.34,4.69,7.17,9.52,13.05,15.39,2.57,2.533
Garner,4.90,MID,Everton,15,100,2.24,2.23,2.32,2.24,3.35,2.23,4.46,6.78,9.02,12.36,14.59,2.43,2.000
Harrison,5.20,MID,Everton,28,100,2.59,2.56,2.79,2.60,3.87,2.57,5.15,7.94,10.54,14.41,16.98,2.83,2.464
Holgate,4.00,DEF,Everton,1,0,1.00,2.00,2.00,2.00,6.00,1.00,3.00,5.00,7.00,13.00,14.00,2.33,1.000
Iroegbunam,4.30,MID,Everton,15,100,2.24,2.23,2.32,2.24,3.35,2.23,4.46,6.78,9.02,12.36,14.59,2.43,1.333
J.Virginia,3.90,GK,Everton,0,,1.00,2.00,2.00,2.00,6.00,1.00,3.00,5.00,7.00,13.00,14.00,2.33,0.000
Keane,3.80,DEF,Everton,10,100,2.41,3.35,3.90,3.43,8.09,2.37,5.77,9.66,13.10,21.19,23.56,3.93,3.300
Maupay,4.90,FWD,Everton,0,0,2.00,2.00,2.00,2.00,2.00,2.00,4.00,6.00,8.00,10.00,12.00,2.00,0.000
McNeil,5.10,MID,Everton,15,100,4.59,4.48,5.48,4.63,6.83,4.52,9.07,14.55,19.18,26.01,30.53,5.09,4.667
Mykolenko,4.30,DEF,Everton,29,100,1.24,2.23,2.33,2.25,6.36,1.24,3.48,5.80,8.05,14.41,15.65,2.61,3.207
Ndiaye,5.20,FWD,Everton,27,100,3.22,3.17,3.64,3.24,3.81,3.19,6.39,10.03,13.27,17.08,20.26,3.38,3.444
Patterson,4.40,DEF,Everton,8,100,1.00,2.00,2.00,2.00,6.00,1.00,3.00,5.00,7.00,13.00,14.00,2.33,1.125
Pickford,5.10,GK,Everton,32,,2.41,3.34,3.07,3.22,6.95,2.38,5.76,8.82,12.04,18.99,21.38,3.56,4.094
Tarkowski,4.90,DEF,Everton,33,100,1.32,2.31,2.43,2.33,6.48,1.31,3.63,6.06,8.39,14.86,16.17,2.70,3.152
Y. Chermiti,4.90,FWD,Everton,2,100,2.00,2.00,2.00,2.00,2.00,2.00,4.00,6.00,8.00,10.00,12.00,2.00,0.500
Young,4.30,DEF,Everton,27,100,1.78,2.75,3.05,2.80,7.16,1.76,4.54,7.59,10.39,17.55,19.31,3.22,3.037
Alcaraz,4.80,MID,Everton,10,100,2.94,2.90,3.26,2.95,4.39,2.92,5.85,9.11,12.06,16.46,19.37,3.23,2.200
Lindstrøm,5.00,MID,Everton,24,0,2.15,2.14,2.20,2.15,3.22,2.14,4.29,6.49,8.64,11.85,14.00,2.33,1.833
O'Brien,4.50,DEF,Everton,15,,1.94,2.90,3.26,2.95,7.39,1.92,4.85,8.11,11.06,18.46,20.37,3.40,3.267
Armstrong,4.40,MID,Everton,3,0,2.00,2.00,2.00,2.00,3.00,2.00,4.00,6.00,8.00,11.00,13.00,2.17,0.667
Metcalfe,4.50,MID,Everton,0,0,2.00,2.00,2.00,2.00,3.00,2.00,4.00,6.00,8.00,11.00,13.00,2.17,0.000
Begovic,4.00,GK,Everton,0,,1.00,2.00,2.00,2.00,6.00,1.00,3.00,5.00,7.00,13.00,14.00,2.33,0.000
Dixon,4.00,DEF,Everton,0,,1.00,2.00,2.00,2.00,6.00,1.00,3.00,5.00,7.00,13.00,14.00,2.33,0.000
Mangala,5.00,MID,Everton,19,0,2.31,2.30,2.42,2.31,3.46,2.30,4.61,7.02,9.34,12.80,15.10,2.52,2.053
Bates,4.50,MID,Everton,0,,2.00,2.00,2.00,2.00,3.00,2.00,4.00,6.00,8.00,11.00,13.00,2.17,0.000
Sherif,4.50,FWD,Everton,0,,2.00,2.00,2.00,2.00,2.00,2.00,4.00,6.00,8.00,10.00,12.00,2.00,0.000
Heath,4.50,MID,Everton,0,,2.00,2.00,2.00,2.00,3.00,2.00,4.00,6.00,8.00,11.00,13.00,2.17,0.000
Coby Ebere,4.50,MID,Everton,0,,2.00,2.00,2.00,2.00,3.00,2.00,4.00,6.00,8.00,11.00,13.00,2.17,0.000
Nelson,5.00,MID,Fulham,12,0,2.62,3.89,2.67,2.61,2.68,2.64,6.51,9.17,11.78,14.46,17.10,2.85,2.250
Smith Rowe,5.10,MID,Fulham,29,100,2.99,4.43,3.07,2.98,3.09,3.02,7.42,10.49,13.46,16.55,19.58,3.26,3.379
Andersen,4.20,DEF,Fulham,24,100,2.00,6.00,2.00,2.00,2.00,1.00,8.00,10.00,12.00,14.00,15.00,2.50,1.833
Adama,4.50,MID,Fulham,30,100,2.77,4.11,2.83,2.76,2.85,2.80,6.88,9.72,12.48,15.33,18.13,3.02,2.567
Andreas,4.90,MID,Fulham,28,100,2.92,4.34,3.00,2.91,3.02,2.96,7.26,10.26,13.17,16.20,19.15,3.19,2.643
Bassey,4.50,DEF,Fulham,30,100,2.18,6.27,2.20,2.18,2.20,1.19,8.45,10.65,12.83,15.04,16.23,2.71,2.333
Benda,3.90,GK,Fulham,0,,2.00,6.00,2.00,2.00,2.00,1.00,8.00,10.00,12.00,14.00,15.00,2.50,0.000
Cairney,4.80,MID,Fulham,20,100,2.23,3.33,2.25,2.23,2.26,2.24,5.57,7.82,10.04,12.30,14.54,2.42,1.100
Castagne,4.20,DEF,Fulham,23,100,2.12,6.17,2.13,2.12,2.13,1.12,8.29,10.43,12.54,14.68,15.80,2.63,1.957
Diop,4.30,DEF,Fulham,21,,2.00,6.00,2.00,2.00,2.00,1.00,8.00,10.00,12.00,14.00,15.00,2.50,1.476
Harris,4.50,MID,Fulham,0,0,2.00,3.00,2.00,2.00,2.00,2.00,5.00,7.00,9.00,11.00,13.00,2.17,0.000
Iwobi,5.50,MID,Fulham,32,,3.59,5.30,3.72,3.57,3.76,3.64,8.89,12.60,16.17,19.93,23.57,3.93,4.250
Leno,5.00,GK,Fulham,32,,3.26,6.97,3.25,2.99,3.23,2.33,10.23,13.48,16.46,19.69,22.02,3.67,3.094
Lukić,4.80,MID,Fulham,26,100,2.21,3.31,2.23,2.21,2.24,2.22,5.52,7.75,9.96,12.20,14.42,2.40,1.769
Mbabu,4.00,DEF,Fulham,0,0,2.00,6.00,2.00,2.00,2.00,1.00,8.00,10.00,12.00,14.00,15.00,2.50,0.000
Muniz,5.50,FWD,Fulham,31,100,3.04,3.51,3.13,3.03,3.15,3.08,6.55,9.68,12.71,15.87,18.95,3.16,2.774
Raúl,5.40,FWD,Fulham,32,,3.41,4.05,3.53,3.40,3.56,3.46,7.46,10.99,14.39,17.96,21.42,3.57,3.813
Ream,4.50,DEF,Fulham,0,0,2.00,6.00,2.00,2.00,2.00,1.00,8.00,10.00,12.00,14.00,15.00,2.50,0.000
Reed,4.70,MID,Fulham,11,100,2.00,3.00,2.00,2.00,2.00,2.00,5.00,7.00,9.00,11.00,13.00,2.17,0.818
Robinson,4.90,DEF,Fulham,32,100,2.87,7.25,2.94,2.86,2.96,1.90,10.12,13.06,15.91,18.87,20.77,3.46,3.156
Stansfield,5.00,FWD,Fulham,1,0,2.00,2.00,2.00,2.00,2.00,2.00,4.00,6.00,8.00,10.00,12.00,2.00,1.000
Tete,4.40,DEF,Fulham,16,100,2.35,6.50,2.38,2.34,2.38,1.36,8.85,11.22,13.57,15.95,17.31,2.88,2.375
Vinicius,5.00,FWD,Fulham,1,100,2.00,2.00,2.00,2.00,2.00,2.00,4.00,6.00,8.00,10.00,12.00,2.00,1.000
Wilson,5.20,MID,Fulham,19,75,3.51,5.18,3.63,3.49,3.67,3.56,8.69,12.32,15.81,19.48,23.04,3.84,3.316
Sessegnon,4.10,DEF,Fulham,10,100,3.94,8.81,4.10,3.92,4.15,3.01,12.75,16.85,20.77,24.91,27.92,4.65,3.200
J.Cuenca,4.40,DEF,Fulham,6,100,2.00,6.00,2.00,2.00,2.00,1.00,8.00,10.00,12.00,14.00,15.00,2.50,1.167
King,4.40,MID,Fulham,5,,2.00,3.00,2.00,2.00,2.00,2.00,5.00,7.00,9.00,11.00,13.00,2.17,1.400
Godo,4.40,MID,Fulham,1,,2.00,3.00,2.00,2.00,2.00,2.00,5.00,7.00,9.00,11.00,13.00,2.17,1.000
Berge,5.00,MID,Fulham,26,100,2.00,3.00,2.00,2.00,2.00,2.00,5.00,7.00,9.00,11.00,13.00,2.17,1.769
Amissah,4.00,DEF,Fulham,0,,2.00,6.00,2.00,2.00,2.00,1.00,8.00,10.00,12.00,14.00,15.00,2.50,0.000
Willian,5.00,MID,Fulham,7,,2.00,3.00,2.00,2.00,2.00,2.00,5.00,7.00,9.00,11.00,13.00,2.17,1.286
Enciso,5.40,MID,Ipswich,20,100,2.65,2.79,2.77,2.88,3.14,2.94,5.43,8.20,11.07,14.21,17.15,2.86,2.150
Al-Hamadi,4.70,FWD,Ipswich,11,0,2.00,2.00,2.00,2.00,2.00,2.00,4.00,6.00,8.00,10.00,12.00,2.00,0.727
Baggott,4.00,DEF,Ipswich,0,0,1.00,1.00,2.00,2.00,2.00,2.00,2.00,4.00,6.00,8.00,10.00,1.67,0.000
Broadhead,4.90,MID,Ipswich,16,100,2.29,2.35,2.34,2.39,2.51,2.42,4.64,6.98,9.37,11.88,14.30,2.38,1.750
Burgess,3.80,DEF,Ipswich,14,100,1.20,1.24,2.23,2.27,2.35,2.29,2.44,4.67,6.94,9.29,11.58,1.93,1.357
Burns,4.70,MID,Ipswich,18,0,2.15,2.19,2.18,2.21,2.27,2.22,4.34,6.52,8.73,11.00,13.23,2.20,1.667
Chaplin,5.10,MID,Ipswich,16,100,2.63,2.77,2.75,2.86,3.12,2.92,5.41,8.16,11.02,14.14,17.06,2.84,2.125
H.Clarke,4.00,DEF,Ipswich,10,0,1.00,1.00,2.00,2.00,2.00,2.00,2.00,4.00,6.00,8.00,10.00,1.67,0.100
Davis,4.20,DEF,Ipswich,30,100,1.37,1.45,2.44,2.50,2.65,2.54,2.82,5.26,7.76,10.41,12.94,2.16,1.800
Delap,5.60,FWD,Ipswich,31,100,3.61,3.96,3.91,4.18,4.83,4.34,7.57,11.47,15.65,20.48,24.82,4.14,4.065
Edmundson,4.00,DEF,Ipswich,1,0,1.00,1.00,2.00,2.00,2.00,2.00,2.00,4.00,6.00,8.00,10.00,1.67,1.000
Greaves,3.90,DEF,Ipswich,19,100,1.29,1.36,2.35,2.39,2.51,2.42,2.65,4.99,7.39,9.90,12.32,2.05,1.684
Harness,4.90,MID,Ipswich,2,0,2.00,2.00,2.00,2.00,2.00,2.00,4.00,6.00,8.00,10.00,12.00,2.00,1.000
Hirst,5.40,FWD,Ipswich,20,100,2.51,2.62,2.60,2.69,2.89,2.74,5.13,7.73,10.41,13.31,16.05,2.67,1.700
Humphreys,4.50,MID,Ipswich,0,0,2.00,2.00,2.00,2.00,2.00,2.00,4.00,6.00,8.00,10.00,12.00,2.00,0.000
Hutchinson,5.20,MID,Ipswich,27,50,2.72,2.88,2.85,2.97,3.26,3.05,5.59,8.44,11.41,14.68,17.72,2.95,2.852
Johnson,3.80,DEF,Ipswich,20,100,1.55,1.68,2.66,2.75,2.98,2.81,3.23,5.88,8.63,11.61,14.42,2.40,1.600
Ladapo,4.50,FWD,Ipswich,0,0,2.00,2.00,2.00,2.00,2.00,2.00,4.00,6.00,8.00,10.00,12.00,2.00,0.000
Luongo,4.30,MID,Ipswich,7,100,2.00,2.00,2.00,2.00,2.00,2.00,4.00,6.00,8.00,10.00,12.00,2.00,1.286
Morsy,4.80,MID,Ipswich,27,100,2.27,2.33,2.32,2.37,2.48,2.40,4.61,6.93,9.30,11.78,14.18,2.36,2.074
Ndaba,4.00,DEF,Ipswich,0,0,1.00,1.00,2.00,2.00,2.00,2.00,2.00,4.00,6.00,8.00,10.00,1.67,0.000
Slicker,3.90,GK,Ipswich,0,,1.00,1.00,2.00,2.00,2.00,2.00,2.00,4.00,6.00,8.00,10.00,1.67,0.000
Taylor,4.80,MID,Ipswich,25,100,2.18,2.23,2.22,2.25,2.33,2.27,4.41,6.63,8.88,11.20,13.47,2.25,1.200
Tuanzebe,3.90,DEF,Ipswich,17,100,1.16,1.20,2.19,2.22,2.29,2.24,2.36,4.55,6.77,9.06,11.30,1.88,1.294
Walton,4.30,GK,Ipswich,6,100,1.68,1.70,2.54,2.65,2.52,2.56,3.37,5.91,8.57,11.09,13.65,2.27,2.333
Woolfenden,3.90,DEF,Ipswich,13,,1.00,1.00,2.00,2.00,2.00,2.00,2.00,4.00,6.00,8.00,10.00,1.67,1.231
Phillips,4.80,MID,Ipswich,19,75,2.00,2.00,2.00,2.00,2.00,2.00,4.00,6.00,8.00,10.00,12.00,2.00,1.368
Muric,4.40,GK,Ipswich,18,0,2.35,2.39,3.08,3.30,3.04,3.12,4.74,7.82,11.13,14.16,17.28,2.88,2.722
Jaden,5.30,MID,Ipswich,21,50,2.44,2.54,2.52,2.60,2.77,2.64,4.97,7.50,10.09,12.86,15.50,2.58,1.762
Townsend,3.90,DEF,Ipswich,6,100,1.46,1.56,2.55,2.63,2.81,2.67,3.02,5.57,8.20,11.01,13.68,2.28,1.833
Szmodics,5.70,MID,Ipswich,19,0,2.97,3.18,3.15,3.32,3.71,3.41,6.15,9.31,12.62,16.33,19.75,3.29,2.789
Cajuste,4.50,MID,Ipswich,25,100,2.18,2.23,2.22,2.25,2.33,2.27,4.41,6.63,8.88,11.20,13.47,2.25,2.080
O'Shea,3.90,DEF,Ipswich,29,100,1.19,1.23,2.23,2.26,2.34,2.28,2.42,4.65,6.91,9.24,11.52,1.92,1.483
J.Clarke,5.40,MID,Ipswich,26,,2.43,2.52,2.50,2.58,2.75,2.62,4.94,7.45,10.03,12.78,15.40,2.57,1.769
Ogbene,4.80,MID,Ipswich,5,0,2.00,2.00,2.00,2.00,2.00,2.00,4.00,6.00,8.00,10.00,12.00,2.00,1.400
Godfrey,4.00,DEF,Ipswich,2,,1.00,1.00,2.00,2.00,2.00,2.00,2.00,4.00,6.00,8.00,10.00,1.67,-0.500
Palmer,4.50,GK,Ipswich,8,,2.20,2.24,2.96,3.16,2.92,2.99,4.44,7.40,10.56,13.49,16.48,2.75,1.875
Buonanotte,4.50,MID,Leicester,27,100,3.03,3.57,4.85,3.16,3.68,3.19,6.60,11.46,14.62,18.29,21.49,3.58,2.407
J.Ayew,5.10,MID,Leicester,26,100,2.83,3.25,4.48,2.93,3.34,2.95,6.08,10.56,13.49,16.83,19.78,3.30,2.269
Edouard,5.10,FWD,Leicester,6,100,2.00,2.00,2.00,2.00,2.00,2.00,4.00,6.00,8.00,10.00,12.00,2.00,1.167
B.Soumaré,4.40,MID,Leicester,25,100,2.00,2.00,3.00,2.00,2.00,2.00,4.00,7.00,9.00,11.00,13.00,2.17,1.520
Cannon,4.50,FWD,Leicester,0,0,2.00,2.00,2.00,2.00,2.00,2.00,4.00,6.00,8.00,10.00,12.00,2.00,0.000
Choudhury,4.40,MID,Leicester,4,0,2.00,2.00,3.00,2.00,2.00,2.00,4.00,7.00,9.00,11.00,13.00,2.17,1.000
Coady,4.00,DEF,Leicester,16,100,1.00,1.00,6.00,1.00,2.00,1.00,2.00,8.00,9.00,11.00,12.00,2.00,0.875
Daka,4.80,FWD,Leicester,19,100,2.23,2.34,2.41,2.25,2.37,2.26,4.57,6.97,9.23,11.59,13.86,2.31,1.526
De Cordova-Reid,5.20,MID,Leicester,21,100,2.87,3.32,4.56,2.97,3.41,3.00,6.19,10.75,13.72,17.13,20.14,3.36,2.095
Faes,3.90,DEF,Leicester,28,75,1.23,1.35,6.41,1.26,2.37,1.27,2.58,8.99,10.25,12.62,13.89,2.31,1.321
Golding,4.40,MID,Leicester,0,,2.00,2.00,3.00,2.00,2.00,2.00,4.00,7.00,9.00,11.00,13.00,2.17,0.000
Hermansen,4.40,GK,Leicester,25,100,2.32,2.07,6.85,2.11,2.94,2.12,4.39,11.25,13.35,16.29,18.41,3.07,2.320
Iversen,3.90,GK,Leicester,0,,1.00,1.00,6.00,1.00,2.00,1.00,2.00,8.00,9.00,11.00,12.00,2.00,0.000
Justin,4.10,DEF,Leicester,31,100,1.52,1.79,6.93,1.58,2.84,1.60,3.31,10.24,11.82,14.66,16.27,2.71,1.581
Kristiansen,4.40,DEF,Leicester,29,100,1.11,1.17,6.20,1.12,2.18,1.13,2.28,8.48,9.60,11.78,12.91,2.15,1.103
Marcal,4.50,MID,Leicester,0,0,2.00,2.00,3.00,2.00,2.00,2.00,4.00,7.00,9.00,11.00,13.00,2.17,0.000
Mavididi,5.00,MID,Leicester,29,,2.85,3.29,4.53,2.95,3.38,2.98,6.14,10.67,13.63,17.01,19.99,3.33,2.414
McAteer,4.70,MID,Leicester,13,100,2.25,2.38,3.44,2.28,2.40,2.29,4.62,8.07,10.35,12.75,15.03,2.51,1.615
Ndidi,4.90,MID,Leicester,23,100,2.56,2.85,4.00,2.63,2.91,2.65,5.41,9.42,12.04,14.95,17.60,2.93,2.217
Okoli,4.00,DEF,Leicester,19,100,1.34,1.51,6.61,1.38,2.55,1.39,2.85,9.46,10.84,13.39,14.78,2.46,1.368
Ricardo,4.10,DEF,Leicester,6,100,1.00,1.00,6.00,1.00,2.00,1.00,2.00,8.00,9.00,11.00,12.00,2.00,1.000
Souttar,4.00,DEF,Leicester,0,0,1.00,1.00,6.00,1.00,2.00,1.00,2.00,8.00,9.00,11.00,12.00,2.00,0.000
Stolarczyk,4.00,GK,Leicester,6,100,2.08,1.87,6.69,1.90,2.77,1.91,3.95,10.64,12.54,15.31,17.22,2.87,1.667
Thomas,3.90,DEF,Leicester,8,,1.00,1.00,6.00,1.00,2.00,1.00,2.00,8.00,9.00,11.00,12.00,2.00,0.875
Vardy,5.30,FWD,Leicester,30,100,3.43,4.17,4.57,3.60,4.32,3.65,7.60,12.17,15.78,20.10,23.75,3.96,3.467
Vestergaard,3.90,DEF,Leicester,18,100,1.00,1.00,6.00,1.00,2.00,1.00,2.00,8.00,9.00,11.00,12.00,2.00,0.611
Ward,3.90,GK,Leicester,2,,1.51,1.41,6.33,1.42,2.36,1.43,2.92,9.24,10.67,13.03,14.45,2.41,1.000
Winks,4.30,MID,Leicester,22,100,2.29,2.44,3.53,2.33,2.47,2.34,4.74,8.26,10.59,13.07,15.40,2.57,1.818
Skipp,4.70,MID,Leicester,17,,2.00,2.00,3.00,2.00,2.00,2.00,4.00,7.00,9.00,11.00,13.00,2.17,1.118
A.Fatawu,5.10,MID,Leicester,11,0,2.59,2.89,4.05,2.66,2.95,2.68,5.47,9.53,12.18,15.13,17.81,2.97,2.364
Alves,4.40,MID,Leicester,1,0,2.00,2.00,3.00,2.00,2.00,2.00,4.00,7.00,9.00,11.00,13.00,2.17,1.000
Nelson,4.00,DEF,Leicester,0,0,1.00,1.00,6.00,1.00,2.00,1.00,2.00,8.00,9.00,11.00,12.00,2.00,0.000
El Khannouss,4.80,MID,Leicester,27,,2.64,2.97,4.14,2.71,3.03,2.74,5.60,9.74,12.46,15.49,18.22,3.04,2.407
Cartwright,4.50,MID,Leicester,0,,2.00,2.00,3.00,2.00,2.00,2.00,4.00,7.00,9.00,11.00,13.00,2.17,0.000
Wilson-Brown,4.00,DEF,Leicester,0,0,1.00,1.00,6.00,1.00,2.00,1.00,2.00,8.00,9.00,11.00,12.00,2.00,0.000
Coulibaly,4.00,DEF,Leicester,5,,1.00,1.00,6.00,1.00,2.00,1.00,2.00,8.00,9.00,11.00,12.00,2.00,0.200
Monga,4.50,MID,Leicester,1,75,2.00,2.00,3.00,2.00,2.00,2.00,4.00,7.00,9.00,11.00,13.00,2.17,1.000
Olabade Aluko,4.00,DEF,Leicester,0,,1.00,1.00,6.00,1.00,2.00,1.00,2.00,8.00,9.00,11.00,12.00,2.00,0.000
Jake Evans,4.50,MID,Leicester,1,,2.00,2.00,3.00,2.00,2.00,2.00,4.00,7.00,9.00,11.00,13.00,2.17,1.000
A.Becker,5.50,GK,Liverpool,22,100,5.30,2.30,2.29,2.27,3.17,2.99,7.61,9.89,12.17,15.34,18.33,3.05,4.227
Alexander-Arnold,7.20,DEF,Liverpool,28,0,5.50,1.89,1.82,1.73,2.89,2.86,7.39,9.21,10.94,13.83,16.69,2.78,4.821
Bajcetic,4.50,MID,Liverpool,0,0,2.61,2.00,2.00,2.00,2.00,2.00,4.61,6.61,8.61,10.61,12.61,2.10,0.000
Bradley,4.70,DEF,Liverpool,14,100,4.66,1.18,1.16,1.15,2.18,2.17,5.84,7.00,8.15,10.32,12.50,2.08,2.071
Clark,4.50,MID,Liverpool,0,0,2.61,2.00,2.00,2.00,2.00,2.00,4.61,6.61,8.61,10.61,12.61,2.10,0.000
Darwin,7.00,FWD,Liverpool,25,100,3.14,2.96,2.89,2.79,2.96,2.93,6.11,8.99,11.79,14.75,17.68,2.95,2.440
Diogo J.,7.20,MID,Liverpool,21,100,4.58,3.66,3.53,3.36,3.66,3.61,8.25,11.77,15.14,18.80,22.41,3.73,3.905
Doak,4.50,MID,Liverpool,0,0,2.61,2.00,2.00,2.00,2.00,2.00,4.61,6.61,8.61,10.61,12.61,2.10,0.000
Elliott,5.20,MID,Liverpool,13,100,2.84,2.19,2.18,2.16,2.19,2.19,5.03,7.21,9.36,11.56,13.74,2.29,1.154
Endo,4.60,MID,Liverpool,16,,2.61,2.00,2.00,2.00,2.00,2.00,4.61,6.61,8.61,10.61,12.61,2.10,1.000
Gakpo,7.30,FWD,Liverpool,29,100,3.50,3.26,3.16,3.04,3.26,3.22,6.76,9.92,12.95,16.21,19.43,3.24,3.414
Gomez,4.70,DEF,Liverpool,9,0,4.45,1.00,1.00,1.00,2.00,2.00,5.45,6.45,7.45,9.45,11.45,1.91,1.556
Gravenberch,5.00,MID,Liverpool,32,100,2.89,2.23,2.21,2.19,2.23,2.23,5.12,7.34,9.53,11.76,13.99,2.33,2.531
Jones,5.30,MID,Liverpool,27,100,3.71,2.92,2.85,2.76,2.92,2.89,6.63,9.48,12.24,15.16,18.05,3.01,2.889
Kelleher,4.00,GK,Liverpool,10,,5.13,2.03,2.02,2.01,2.93,2.79,7.16,9.18,11.18,14.11,16.89,2.82,4.500
Konaté,5.30,DEF,Liverpool,26,100,4.90,1.38,1.35,1.31,2.38,2.37,6.28,7.64,8.95,11.34,13.71,2.28,3.500
Luis Díaz,7.50,MID,Liverpool,31,100,5.03,4.04,3.87,3.67,4.04,3.97,9.07,12.94,16.61,20.65,24.62,4.10,5.226
M.Salah,13.80,MID,Liverpool,32,,8.44,6.91,6.51,6.03,6.91,6.75,15.35,21.86,27.89,34.80,41.54,6.92,9.906
Mac Allister,6.20,MID,Liverpool,31,100,3.73,2.94,2.86,2.77,2.94,2.91,6.66,9.53,12.30,15.23,18.14,3.02,3.355
McConnell,4.30,MID,Liverpool,0,100,2.61,2.00,2.00,2.00,2.00,2.00,4.61,6.61,8.61,10.61,12.61,2.10,0.000
Morton,4.40,MID,Liverpool,0,100,2.61,2.00,2.00,2.00,2.00,2.00,4.61,6.61,8.61,10.61,12.61,2.10,0.000
N.Phillips,4.00,DEF,Liverpool,0,0,4.45,1.00,1.00,1.00,2.00,2.00,5.45,6.45,7.45,9.45,11.45,1.91,0.000
Quansah,3.90,DEF,Liverpool,11,100,4.45,1.00,1.00,1.00,2.00,2.00,5.45,6.45,7.45,9.45,11.45,1.91,0.909
R.Williams,4.00,DEF,Liverpool,0,0,4.45,1.00,1.00,1.00,2.00,2.00,5.45,6.45,7.45,9.45,11.45,1.91,0.000
Robertson,5.80,DEF,Liverpool,30,,4.45,1.00,1.00,1.00,2.00,2.00,5.45,6.45,7.45,9.45,11.45,1.91,2.767
Szoboszlai,6.30,MID,Liverpool,30,100,4.12,3.27,3.17,3.05,3.27,3.23,7.40,10.57,13.62,16.89,20.12,3.35,3.867
Tsimikas,4.60,DEF,Liverpool,15,100,4.64,1.17,1.15,1.14,2.17,2.16,5.81,6.96,8.10,10.26,12.43,2.07,2.200
Virgil,6.60,DEF,Liverpool,32,,4.91,1.39,1.36,1.32,2.39,2.38,6.30,7.66,8.98,11.37,13.74,2.29,3.938
Chiesa,6.80,MID,Liverpool,4,100,2.61,2.00,2.00,2.00,2.00,2.00,4.61,6.61,8.61,10.61,12.61,2.10,1.000
Jaros,4.00,GK,Liverpool,1,,4.45,1.00,1.00,1.00,2.00,2.00,5.45,6.45,7.45,9.45,11.45,1.91,1.000
Davies,4.00,GK,Liverpool,0,,4.45,1.00,1.00,1.00,2.00,2.00,5.45,6.45,7.45,9.45,11.45,1.91,0.000
Nyoni,4.50,MID,Liverpool,0,,2.61,2.00,2.00,2.00,2.00,2.00,4.61,6.61,8.61,10.61,12.61,2.10,0.000
Nallo,4.00,DEF,Liverpool,0,,4.45,1.00,1.00,1.00,2.00,2.00,5.45,6.45,7.45,9.45,11.45,1.91,0.000
Danns,4.50,FWD,Liverpool,1,0,2.00,2.00,2.00,2.00,2.00,2.00,4.00,6.00,8.00,10.00,12.00,2.00,1.000
Akanji,5.30,DEF,Man City,20,0,3.00,,2.00,6.00,1.00,2.00,3.00,5.00,11.00,12.00,15.00,3.00,2.200
Aké,5.30,DEF,Man City,10,0,3.00,,2.00,6.00,1.00,2.00,3.00,5.00,11.00,12.00,15.00,3.00,2.500
Bernardo,6.10,MID,Man City,27,100,5.38,,2.81,3.92,2.67,2.69,5.38,8.19,12.11,14.79,20.20,4.04,2.889
Bobb,4.70,MID,Man City,2,100,4.00,,2.00,3.00,2.00,2.00,4.00,6.00,9.00,11.00,15.00,3.00,1.000
Carson,3.90,GK,Man City,0,,3.00,,2.00,6.00,1.00,2.00,3.00,5.00,11.00,12.00,15.00,3.00,0.000
De Bruyne,9.30,MID,Man City,22,100,7.22,,3.91,5.16,3.58,3.63,7.22,11.13,16.29,19.87,27.17,5.43,4.136
Doku,6.20,MID,Man City,23,100,5.98,,3.17,4.33,2.97,3.00,5.98,9.16,13.48,16.46,22.49,4.50,3.130
Ederson M.,5.30,GK,Man City,22,75,5.67,,3.46,7.28,2.42,3.38,5.67,9.13,16.42,18.84,24.69,4.94,4.136
Foden,9.20,MID,Man City,25,75,6.97,,3.76,4.99,3.46,3.50,6.97,10.73,15.72,19.18,26.22,5.24,4.000
Grealish,6.40,MID,Man City,19,100,4.71,,2.42,3.48,2.35,2.36,4.71,7.13,10.61,12.96,17.69,3.54,1.947
Gvardiol,6.20,DEF,Man City,31,100,4.63,,2.97,7.09,1.80,2.82,4.63,7.60,14.70,16.50,21.17,4.23,3.935
Haaland,14.80,FWD,Man City,28,0,9.61,,5.32,5.76,4.75,4.83,9.61,14.93,20.69,25.44,35.18,7.04,6.107
J.Alvarez,7.00,FWD,Man City,0,0,4.00,,2.00,2.00,2.00,2.00,4.00,6.00,8.00,10.00,14.00,2.80,0.000
João Cancelo,5.30,DEF,Man City,0,0,3.00,,2.00,6.00,1.00,2.00,3.00,5.00,11.00,12.00,15.00,3.00,0.000
Kovačić,5.40,MID,Man City,26,100,6.01,,3.19,4.35,2.99,3.02,6.01,9.21,13.55,16.54,22.60,4.52,3.577
Lewis,4.30,DEF,Man City,26,100,3.78,,2.46,6.52,1.38,2.39,3.78,6.24,12.76,14.15,17.94,3.59,2.269
Matheus N.,4.90,MID,Man City,21,100,4.96,,2.57,3.65,2.47,2.49,4.96,7.54,11.18,13.66,18.64,3.73,2.429
McAtee,4.60,MID,Man City,12,,6.11,,3.25,4.41,3.03,3.07,6.11,9.36,13.77,16.81,22.97,4.59,2.250
Ortega Moreno,5.20,GK,Man City,11,,4.49,,2.78,6.57,1.83,2.78,4.49,7.27,13.84,15.67,20.30,4.06,2.455
Rodrigo,6.20,MID,Man City,2,0,4.00,,2.00,3.00,2.00,2.00,4.00,6.00,9.00,11.00,15.00,3.00,1.000
Rúben,5.40,DEF,Man City,21,100,3.00,,2.00,6.00,1.00,2.00,3.00,5.00,11.00,12.00,15.00,3.00,2.667
Stones,5.30,DEF,Man City,11,0,4.84,,3.09,7.23,1.90,2.93,4.84,7.93,15.17,17.07,21.96,4.39,2.636
Walker,5.10,DEF,Man City,14,0,3.00,,2.00,6.00,1.00,2.00,3.00,5.00,11.00,12.00,15.00,3.00,0.929
Savinho,6.20,MID,Man City,26,100,6.47,,3.46,4.65,3.21,3.25,6.47,9.93,14.58,17.79,24.32,4.86,3.885
O’Reilly,4.90,MID,Man City,5,100,5.69,,3.00,4.13,2.83,2.85,5.69,8.69,12.82,15.65,21.38,4.28,3.200
Gündogan,6.30,MID,Man City,28,,4.72,,2.43,3.48,2.35,2.37,4.72,7.15,10.64,12.99,17.73,3.55,2.357
Kaboré,4.50,DEF,Man City,0,0,3.00,,2.00,6.00,1.00,2.00,3.00,5.00,11.00,12.00,15.00,3.00,0.000
Wright,4.50,MID,Man City,0,0,4.00,,2.00,3.00,2.00,2.00,4.00,6.00,9.00,11.00,15.00,3.00,0.000
Simpson-Pusey,4.00,DEF,Man City,2,100,3.00,,2.00,6.00,1.00,2.00,3.00,5.00,11.00,12.00,15.00,3.00,0.500
Wilson-Esbrand,4.00,DEF,Man City,0,0,3.00,,2.00,6.00,1.00,2.00,3.00,5.00,11.00,12.00,15.00,3.00,0.000
Mubama,4.50,FWD,Man City,1,,4.00,,2.00,2.00,2.00,2.00,4.00,6.00,8.00,10.00,14.00,2.80,1.000
Alleyne,4.00,DEF,Man City,0,,3.00,,2.00,6.00,1.00,2.00,3.00,5.00,11.00,12.00,15.00,3.00,0.000
Brits,4.00,GK,Man City,0,,3.00,,2.00,6.00,1.00,2.00,3.00,5.00,11.00,12.00,15.00,3.00,0.000
Khusanov,5.00,DEF,Man City,6,,3.00,,2.00,6.00,1.00,2.00,3.00,5.00,11.00,12.00,15.00,3.00,2.333
Vitor Reis,4.50,DEF,Man City,1,,3.00,,2.00,6.00,1.00,2.00,3.00,5.00,11.00,12.00,15.00,3.00,1.000
Marmoush,7.60,FWD,Man City,10,,8.56,,4.70,5.05,4.24,4.30,8.56,13.26,18.31,22.55,31.22,6.24,5.600
N.Gonzalez,6.00,MID,Man City,7,,4.72,,2.43,3.48,2.35,2.37,4.72,7.15,10.64,12.99,17.73,3.55,2.571
Echeverri,5.90,MID,Man City,0,,4.00,,2.00,3.00,2.00,2.00,4.00,6.00,9.00,11.00,15.00,3.00,0.000
Amad,5.30,MID,Man Utd,22,0,5.37,4.61,4.90,5.12,4.57,4.83,9.98,14.87,19.99,24.56,29.39,4.90,4.864
Antony,5.70,MID,Man Utd,8,0,2.00,2.00,2.00,2.00,2.00,2.00,4.00,6.00,8.00,10.00,12.00,2.00,1.000
B.Fernandes,8.60,MID,Man Utd,31,100,5.42,4.65,4.94,5.16,4.61,4.87,10.07,15.01,20.18,24.79,29.66,4.94,5.129
Bayindir,4.30,GK,Man Utd,0,100,2.24,1.25,1.25,2.21,1.26,1.26,3.49,4.74,6.94,8.21,9.46,1.58,0.000
Casemiro,4.60,MID,Man Utd,21,100,2.35,2.27,2.30,2.32,2.26,2.29,4.61,6.91,9.23,11.50,13.79,2.30,2.000
Dalot,5.00,DEF,Man Utd,31,100,2.56,1.44,1.48,2.52,1.43,1.47,4.00,5.48,8.00,9.43,10.90,1.82,3.000
Eriksen,5.20,MID,Man Utd,18,100,2.24,2.19,2.21,2.22,2.18,2.20,4.43,6.64,8.86,11.05,13.25,2.21,1.778
Evans,4.40,DEF,Man Utd,6,0,2.00,1.00,1.00,2.00,1.00,1.00,3.00,4.00,6.00,7.00,8.00,1.33,2.333
Garnacho,5.90,MID,Man Utd,31,100,3.59,3.23,3.37,3.47,3.22,3.34,6.83,10.20,13.67,16.89,20.23,3.37,2.839
Hannibal,4.50,MID,Man Utd,0,0,2.00,2.00,2.00,2.00,2.00,2.00,4.00,6.00,8.00,10.00,12.00,2.00,0.000
Heaton,3.90,GK,Man Utd,0,100,2.00,1.00,1.00,2.00,1.00,1.00,3.00,4.00,6.00,7.00,8.00,1.33,0.000
Højlund,6.90,FWD,Man Utd,27,100,2.81,2.63,2.69,2.75,2.62,2.68,5.43,8.13,10.87,13.49,16.17,2.69,2.259
Lindelof,4.30,DEF,Man Utd,10,100,2.00,1.00,1.00,2.00,1.00,1.00,3.00,4.00,6.00,7.00,8.00,1.33,1.400
Maguire,4.90,DEF,Man Utd,22,100,2.40,1.31,1.34,2.37,1.30,1.33,3.70,5.04,7.41,8.71,10.05,1.67,1.682
Mainoo,5.20,MID,Man Utd,19,100,2.00,2.00,2.00,2.00,2.00,2.00,4.00,6.00,8.00,10.00,12.00,2.00,1.737
Malacia,4.40,DEF,Man Utd,3,0,2.00,1.00,1.00,2.00,1.00,1.00,3.00,4.00,6.00,7.00,8.00,1.33,0.667
Martinez,4.30,DEF,Man Utd,20,0,3.09,1.84,1.94,3.01,1.83,1.91,4.93,6.87,9.88,11.71,13.63,2.27,3.400
McTominay,4.90,MID,Man Utd,2,0,2.00,2.00,2.00,2.00,2.00,2.00,4.00,6.00,8.00,10.00,12.00,2.00,1.000
Mount,6.30,MID,Man Utd,11,100,2.00,2.00,2.00,2.00,2.00,2.00,4.00,6.00,8.00,10.00,12.00,2.00,0.909
Onana,4.90,GK,Man Utd,31,,3.01,2.06,2.06,2.87,2.12,2.08,5.07,7.13,10.00,12.12,14.20,2.37,3.677
Pellistri,5.00,MID,Man Utd,0,0,2.00,2.00,2.00,2.00,2.00,2.00,4.00,6.00,8.00,10.00,12.00,2.00,0.000
Shaw,4.90,DEF,Man Utd,3,100,2.00,1.00,1.00,2.00,1.00,1.00,3.00,4.00,6.00,7.00,8.00,1.33,1.000
Zirkzee,6.50,FWD,Man Utd,32,50,2.82,2.63,2.70,2.76,2.62,2.69,5.45,8.15,10.91,13.53,16.22,2.70,2.000
Yoro,4.30,DEF,Man Utd,16,100,2.00,1.00,1.00,2.00,1.00,1.00,3.00,4.00,6.00,7.00,8.00,1.33,1.125
De Ligt,4.80,DEF,Man Utd,28,25,2.62,1.48,1.54,2.58,1.48,1.52,4.10,5.64,8.22,9.69,11.21,1.87,2.429
Mazraoui,4.20,DEF,Man Utd,32,100,2.14,1.11,1.12,2.13,1.10,1.11,3.24,4.36,6.48,7.59,8.70,1.45,2.531
Collyer,4.50,MID,Man Utd,6,0,2.00,2.00,2.00,2.00,2.00,2.00,4.00,6.00,8.00,10.00,12.00,2.00,1.000
Wheatley,4.50,FWD,Man Utd,0,0,2.00,2.00,2.00,2.00,2.00,2.00,4.00,6.00,8.00,10.00,12.00,2.00,0.000
Ugarte,4.90,MID,Man Utd,24,100,2.30,2.23,2.26,2.28,2.23,2.25,4.54,6.80,9.08,11.31,13.56,2.26,1.625
Heaven,4.00,DEF,Man Utd,2,100,2.00,1.00,1.00,2.00,1.00,1.00,3.00,4.00,6.00,7.00,8.00,1.33,1.000
Fletcher,4.50,MID,Man Utd,0,,2.00,2.00,2.00,2.00,2.00,2.00,4.00,6.00,8.00,10.00,12.00,2.00,0.000
Amass,4.00,DEF,Man Utd,2,,2.00,1.00,1.00,2.00,1.00,1.00,3.00,4.00,6.00,7.00,8.00,1.33,0.500
Fitzgerald,4.50,MID,Man Utd,0,,2.00,2.00,2.00,2.00,2.00,2.00,4.00,6.00,8.00,10.00,12.00,2.00,0.000
Kukonki,4.00,DEF,Man Utd,0,,2.00,1.00,1.00,2.00,1.00,1.00,3.00,4.00,6.00,7.00,8.00,1.33,0.000
Harrison,4.00,GK,Man Utd,0,,2.00,1.00,1.00,2.00,1.00,1.00,3.00,4.00,6.00,7.00,8.00,1.33,0.000
Dorgu,4.50,DEF,Man Utd,6,100,2.00,1.00,1.00,2.00,1.00,1.00,3.00,4.00,6.00,7.00,8.00,1.33,1.167
Obi,4.50,FWD,Man Utd,3,,2.00,2.00,2.00,2.00,2.00,2.00,4.00,6.00,8.00,10.00,12.00,2.00,0.667
Fredricson,4.00,DEF,Man Utd,0,,2.00,1.00,1.00,2.00,1.00,1.00,3.00,4.00,6.00,7.00,8.00,1.33,0.000
Moorhouse,4.50,MID,Man Utd,0,,2.00,2.00,2.00,2.00,2.00,2.00,4.00,6.00,8.00,10.00,12.00,2.00,0.000
Koné,4.50,MID,Man Utd,0,,2.00,2.00,2.00,2.00,2.00,2.00,4.00,6.00,8.00,10.00,12.00,2.00,0.000
Graczyk,4.00,GK,Man Utd,0,,2.00,1.00,1.00,2.00,1.00,1.00,3.00,4.00,6.00,7.00,8.00,1.33,0.000
Dermot Mee,4.00,GK,Man Utd,0,,2.00,1.00,1.00,2.00,1.00,1.00,3.00,4.00,6.00,7.00,8.00,1.33,0.000
A.Murphy,4.00,DEF,Newcastle,0,0,2.00,2.00,2.00,2.00,2.00,2.00,4.00,6.00,8.00,10.00,12.00,2.00,0.000
Almirón,5.40,MID,Newcastle,9,0,2.00,2.00,2.00,2.00,2.00,2.00,4.00,6.00,8.00,10.00,12.00,2.00,1.111
Barnes,5.90,MID,Newcastle,27,100,3.88,4.25,3.93,3.75,3.54,3.74,8.13,12.06,15.82,19.36,23.09,3.85,4.185
Botman,4.40,DEF,Newcastle,3,0,2.00,2.00,2.00,2.00,2.00,2.00,4.00,6.00,8.00,10.00,12.00,2.00,2.333
Bruno G.,6.20,MID,Newcastle,32,100,3.06,3.27,3.09,2.99,2.87,2.98,6.32,9.41,12.40,15.26,18.24,3.04,3.688
Burn,4.50,DEF,Newcastle,31,100,2.00,2.00,2.00,2.00,2.00,2.00,4.00,6.00,8.00,10.00,12.00,2.00,2.839
Dúbravka,4.10,GK,Newcastle,10,100,3.17,2.91,3.11,3.21,3.20,2.89,6.08,9.18,12.39,15.59,18.48,3.08,4.400
Gordon,7.40,MID,Newcastle,28,100,3.53,3.83,3.57,3.42,3.25,3.41,7.36,10.92,14.35,17.60,21.01,3.50,4.107
Hall,4.70,DEF,Newcastle,27,0,2.69,2.83,2.71,2.65,2.57,2.64,5.52,8.23,10.88,13.45,16.09,2.68,3.778
Hayden,4.40,MID,Newcastle,0,0,2.00,2.00,2.00,2.00,2.00,2.00,4.00,6.00,8.00,10.00,12.00,2.00,0.000
Isak,9.50,FWD,Newcastle,29,100,5.13,5.76,5.22,4.92,4.56,4.89,10.89,16.10,21.03,25.59,30.48,5.08,6.552
J.Murphy,5.20,MID,Newcastle,29,100,4.24,4.69,4.30,4.09,3.83,4.07,8.93,13.23,17.32,21.16,25.23,4.20,4.862
Joelinton,6.00,MID,Newcastle,28,100,3.02,3.22,3.05,2.95,2.83,2.94,6.24,9.28,12.23,15.07,18.00,3.00,3.500
Kelly,4.20,DEF,Newcastle,10,0,2.27,2.32,2.27,2.25,2.22,2.25,4.59,6.86,9.11,11.33,13.58,2.26,1.200
Krafth,4.30,DEF,Newcastle,8,100,2.00,2.00,2.00,2.00,2.00,2.00,4.00,6.00,8.00,10.00,12.00,2.00,1.875
Kuol,4.40,MID,Newcastle,0,,2.00,2.00,2.00,2.00,2.00,2.00,4.00,6.00,8.00,10.00,12.00,2.00,0.000
Lascelles,4.50,DEF,Newcastle,0,0,2.00,2.00,2.00,2.00,2.00,2.00,4.00,6.00,8.00,10.00,12.00,2.00,0.000
Lewis,4.00,DEF,Newcastle,0,0,2.00,2.00,2.00,2.00,2.00,2.00,4.00,6.00,8.00,10.00,12.00,2.00,0.000
Livramento,4.60,DEF,Newcastle,31,100,2.09,2.10,2.09,2.08,2.07,2.08,4.19,6.28,8.36,10.43,12.51,2.08,2.774
Longstaff,4.40,MID,Newcastle,24,,2.11,2.13,2.11,2.10,2.09,2.10,4.24,6.36,8.46,10.55,12.66,2.11,1.375
Miley,5.00,MID,Newcastle,11,100,2.40,2.49,2.42,2.38,2.33,2.37,4.89,7.31,9.68,12.01,14.39,2.40,1.636
Odysseas,4.20,GK,Newcastle,0,,2.00,2.00,2.00,2.00,2.00,2.00,4.00,6.00,8.00,10.00,12.00,2.00,0.000
Pope,4.90,GK,Newcastle,22,100,3.21,2.94,3.15,3.25,3.24,2.92,6.15,9.29,12.54,15.78,18.71,3.12,3.591
Ruddy,3.90,GK,Newcastle,0,,2.00,2.00,2.00,2.00,2.00,2.00,4.00,6.00,8.00,10.00,12.00,2.00,0.000
Schär,5.50,DEF,Newcastle,28,100,2.67,2.80,2.69,2.62,2.55,2.62,5.47,8.15,10.78,13.32,15.94,2.66,3.321
Targett,3.90,DEF,Newcastle,1,100,2.00,2.00,2.00,2.00,2.00,2.00,4.00,6.00,8.00,10.00,12.00,2.00,1.000
Tonali,5.50,MID,Newcastle,30,100,2.62,2.75,2.64,2.58,2.51,2.58,5.37,8.01,10.59,13.10,15.68,2.61,2.800
Trippier,5.60,DEF,Newcastle,21,100,2.13,2.15,2.13,2.12,2.10,2.12,4.28,6.41,8.53,10.63,12.75,2.13,2.571
White,4.50,MID,Newcastle,0,0,2.00,2.00,2.00,2.00,2.00,2.00,4.00,6.00,8.00,10.00,12.00,2.00,0.000
Willock,4.70,MID,Newcastle,27,100,2.20,2.24,2.20,2.18,2.16,2.18,4.44,6.64,8.82,10.98,13.17,2.19,1.481
Wilson,6.90,FWD,Newcastle,12,100,2.00,2.00,2.00,2.00,2.00,2.00,4.00,6.00,8.00,10.00,12.00,2.00,1.000
Pivas,4.00,DEF,Newcastle,0,0,2.00,2.00,2.00,2.00,2.00,2.00,4.00,6.00,8.00,10.00,12.00,2.00,0.000
Osula,4.90,FWD,Newcastle,11,,2.00,2.00,2.00,2.00,2.00,2.00,4.00,6.00,8.00,10.00,12.00,2.00,1.000
Neave,4.50,FWD,Newcastle,0,,2.00,2.00,2.00,2.00,2.00,2.00,4.00,6.00,8.00,10.00,12.00,2.00,0.000
Alex Moreno,4.20,DEF,Nottingham Forest,15,100,2.20,2.20,2.19,4.14,2.21,2.18,4.39,6.58,10.72,12.93,15.11,2.52,2.267
Aina,5.20,DEF,Nottingham Forest,30,0,2.50,2.49,2.48,4.50,2.52,2.45,4.99,7.46,11.96,14.48,16.93,2.82,4.100
Anderson,5.00,MID,Nottingham Forest,31,100,2.73,2.73,2.70,3.38,2.77,2.66,5.46,8.17,11.54,14.32,16.98,2.83,2.903
Awoniyi,5.50,FWD,Nottingham Forest,22,75,2.18,2.18,2.17,2.22,2.19,2.16,4.36,6.53,8.75,10.94,13.10,2.18,1.318
Boly,4.20,DEF,Nottingham Forest,6,100,2.00,2.00,2.00,3.89,2.00,2.00,4.00,6.00,9.89,11.89,13.89,2.32,1.000
Bowler,4.50,MID,Nottingham Forest,0,0,2.00,2.00,2.00,2.47,2.00,2.00,4.00,6.00,8.47,10.47,12.47,2.08,0.000
C.Miguel,4.10,GK,Nottingham Forest,0,100,2.00,2.00,2.00,3.89,2.00,2.00,4.00,6.00,9.89,11.89,13.89,2.32,0.000
Da Silva Moreira,4.30,MID,Nottingham Forest,2,,2.00,2.00,2.00,2.47,2.00,2.00,4.00,6.00,8.47,10.47,12.47,2.08,1.000
Danilo,4.70,MID,Nottingham Forest,6,100,2.00,2.00,2.00,2.47,2.00,2.00,4.00,6.00,8.47,10.47,12.47,2.08,1.500
Dennis,4.90,FWD,Nottingham Forest,0,0,2.00,2.00,2.00,2.00,2.00,2.00,4.00,6.00,8.00,10.00,12.00,2.00,0.000
Dominguez,4.80,MID,Nottingham Forest,28,100,2.00,2.00,2.00,2.47,2.00,2.00,4.00,6.00,8.47,10.47,12.47,2.08,1.500
Elanga,5.40,MID,Nottingham Forest,32,100,3.67,3.65,3.60,4.53,3.76,3.50,7.32,10.93,15.46,19.21,22.72,3.79,4.094
Gibbs-White,6.50,MID,Nottingham Forest,28,100,3.94,3.93,3.87,4.87,4.04,3.75,7.87,11.74,16.61,20.65,24.40,4.07,4.464
Hudson-Odoi,5.20,MID,Nottingham Forest,27,100,3.25,3.23,3.20,4.01,3.31,3.12,6.48,9.68,13.69,17.00,20.12,3.35,3.667
Mighten,4.50,MID,Nottingham Forest,0,0,2.00,2.00,2.00,2.47,2.00,2.00,4.00,6.00,8.47,10.47,12.47,2.08,0.000
Murillo,4.70,DEF,Nottingham Forest,31,100,2.19,2.19,2.18,4.13,2.20,2.17,4.38,6.57,10.69,12.90,15.07,2.51,3.677
N.Williams,4.50,DEF,Nottingham Forest,29,,2.41,2.41,2.39,4.40,2.43,2.37,4.82,7.21,11.61,14.04,16.41,2.73,3.276
O.Richards,4.50,DEF,Nottingham Forest,0,0,2.00,2.00,2.00,3.89,2.00,2.00,4.00,6.00,9.89,11.89,13.89,2.32,0.000
O'Brien,5.00,MID,Nottingham Forest,0,0,2.00,2.00,2.00,2.47,2.00,2.00,4.00,6.00,8.47,10.47,12.47,2.08,0.000
Omobamidele,4.20,DEF,Nottingham Forest,0,0,2.00,2.00,2.00,3.89,2.00,2.00,4.00,6.00,9.89,11.89,13.89,2.32,0.000
Panzo,4.00,DEF,Nottingham Forest,0,0,2.00,2.00,2.00,3.89,2.00,2.00,4.00,6.00,9.89,11.89,13.89,2.32,0.000
Sangaré,4.30,MID,Nottingham Forest,8,100,2.37,2.37,2.36,2.93,2.39,2.33,4.74,7.10,10.03,12.42,14.75,2.46,1.500
Sels,5.10,GK,Nottingham Forest,32,100,3.45,3.36,3.14,4.93,3.12,3.42,6.81,9.95,14.89,18.01,21.43,3.57,4.344
Toffolo,4.20,DEF,Nottingham Forest,3,,2.00,2.00,2.00,3.89,2.00,2.00,4.00,6.00,9.89,11.89,13.89,2.32,1.000
Ui-jo,4.50,FWD,Nottingham Forest,0,0,2.00,2.00,2.00,2.00,2.00,2.00,4.00,6.00,8.00,10.00,12.00,2.00,0.000
Wood,6.90,FWD,Nottingham Forest,30,100,4.67,4.65,4.57,5.29,4.81,4.40,9.32,13.88,19.18,23.99,28.39,4.73,5.867
Worrall,4.50,DEF,Nottingham Forest,0,0,2.00,2.00,2.00,3.89,2.00,2.00,4.00,6.00,9.89,11.89,13.89,2.32,0.000
Yates,4.80,MID,Nottingham Forest,30,100,2.53,2.52,2.51,3.12,2.55,2.47,5.05,7.56,10.68,13.24,15.71,2.62,2.067
Milenković,5.10,DEF,Nottingham Forest,31,,2.96,2.95,2.92,5.07,3.01,2.86,5.91,8.83,13.90,16.91,19.77,3.29,4.161
Jota Silva,5.90,MID,Nottingham Forest,27,100,2.77,2.76,2.74,3.42,2.81,2.69,5.53,8.27,11.69,14.50,17.19,2.87,1.778
Sosa,5.50,MID,Nottingham Forest,16,,2.31,2.31,2.30,2.85,2.33,2.28,4.62,6.91,9.77,12.09,14.37,2.40,1.375
Morato,4.50,DEF,Nottingham Forest,22,,2.00,2.00,2.00,3.89,2.00,2.00,4.00,6.00,9.89,11.89,13.89,2.32,1.591
Abbott,4.00,DEF,Nottingham Forest,0,,2.00,2.00,2.00,3.89,2.00,2.00,4.00,6.00,9.89,11.89,13.89,2.32,0.000
Hennessey,4.00,GK,Nottingham Forest,0,,2.00,2.00,2.00,3.89,2.00,2.00,4.00,6.00,9.89,11.89,13.89,2.32,0.000
Ramsdale,4.40,GK,Southampton,24,100,3.06,3.18,7.00,2.32,3.04,2.27,6.25,13.24,15.57,18.60,20.87,3.48,3.208
Archer,4.90,FWD,Southampton,28,,2.49,2.42,2.61,2.42,2.39,2.32,4.92,7.53,9.94,12.33,14.65,2.44,1.821
Ugochukwu,4.40,MID,Southampton,21,100,2.25,2.21,3.31,2.21,2.19,2.16,4.46,7.76,9.97,12.17,14.32,2.39,1.524
Fraser,4.80,MID,Southampton,8,100,2.00,2.00,3.00,2.00,2.00,2.00,4.00,7.00,9.00,11.00,13.00,2.17,0.875
Amo-Ameyaw,4.40,MID,Southampton,2,0,2.00,2.00,3.00,2.00,2.00,2.00,4.00,7.00,9.00,11.00,13.00,2.17,0.500
Aribo,4.90,MID,Southampton,30,,2.86,2.74,4.07,2.73,2.68,2.56,5.60,9.67,12.40,15.08,17.64,2.94,2.333
Armstrong,5.10,FWD,Southampton,20,0,3.47,3.26,3.82,3.24,3.16,2.95,6.72,10.54,13.78,16.94,19.88,3.31,2.250
Bazunu,4.30,GK,Southampton,0,0,2.00,2.00,6.00,1.00,2.00,1.00,4.00,10.00,11.00,13.00,14.00,2.33,0.000
Bednarek,4.00,DEF,Southampton,26,100,2.80,2.68,6.99,1.67,2.63,1.51,5.48,12.47,14.14,16.77,18.28,3.05,1.885
Bella-Kotchap,3.90,DEF,Southampton,4,,2.00,2.00,6.00,1.00,2.00,1.00,4.00,10.00,11.00,13.00,14.00,2.33,0.500
Bree,3.90,DEF,Southampton,14,100,2.37,2.32,6.46,1.31,2.29,1.24,4.69,11.14,12.46,14.75,15.99,2.66,1.071
Charles,4.50,MID,Southampton,0,0,2.00,2.00,3.00,2.00,2.00,2.00,4.00,7.00,9.00,11.00,13.00,2.17,0.000
Edozie,4.90,MID,Southampton,2,0,2.00,2.00,3.00,2.00,2.00,2.00,4.00,7.00,9.00,11.00,13.00,2.17,0.500
Edwards,3.90,DEF,Southampton,1,0,2.00,2.00,6.00,1.00,2.00,1.00,4.00,10.00,11.00,13.00,14.00,2.33,1.000
Harwood-Bellis,4.00,DEF,Southampton,28,100,2.37,2.32,6.46,1.31,2.29,1.24,4.69,11.14,12.46,14.75,15.99,2.66,1.607
Kamaldeen,5.00,MID,Southampton,20,100,2.95,2.81,4.18,2.80,2.75,2.61,5.76,9.94,12.74,15.49,18.10,3.02,2.200
Lallana,5.00,MID,Southampton,14,100,2.74,2.63,3.92,2.62,2.58,2.48,5.37,9.29,11.91,14.50,16.97,2.83,1.214
Larios,3.90,DEF,Southampton,0,100,2.00,2.00,6.00,1.00,2.00,1.00,4.00,10.00,11.00,13.00,14.00,2.33,0.000
Lis,4.00,GK,Southampton,0,0,2.00,2.00,6.00,1.00,2.00,1.00,4.00,10.00,11.00,13.00,14.00,2.33,0.000
Lumley,4.00,GK,Southampton,3,,3.07,3.19,7.01,2.33,3.04,2.28,6.26,13.27,15.60,18.65,20.93,3.49,2.667
Manning,4.30,DEF,Southampton,20,100,2.26,2.22,6.32,1.22,2.20,1.17,4.48,10.80,12.02,14.22,15.39,2.57,1.300
Mara,5.00,FWD,Southampton,0,0,2.00,2.00,2.00,2.00,2.00,2.00,4.00,6.00,8.00,10.00,12.00,2.00,0.000
McCarthy,4.20,GK,Southampton,5,,3.07,3.18,7.00,2.33,3.04,2.27,6.25,13.25,15.58,18.62,20.88,3.48,2.400
Onuachu,4.90,FWD,Southampton,22,100,3.49,3.28,3.85,3.26,3.18,2.96,6.77,10.61,13.87,17.05,20.01,3.33,2.182
Smallbone,5.00,MID,Southampton,14,100,2.62,2.53,3.76,2.52,2.49,2.40,5.14,8.91,11.43,13.91,16.31,2.72,1.571
Stephens,4.00,DEF,Southampton,14,100,2.00,2.00,6.00,1.00,2.00,1.00,4.00,10.00,11.00,13.00,14.00,2.33,1.071
Stewart,4.40,FWD,Southampton,6,100,2.00,2.00,2.00,2.00,2.00,2.00,4.00,6.00,8.00,10.00,12.00,2.00,0.833
Sugawara,4.20,DEF,Southampton,30,100,2.52,2.44,6.64,1.44,2.41,1.33,4.96,11.60,13.04,15.45,16.78,2.80,1.400
Taylor,3.90,DEF,Southampton,7,25,2.00,2.00,6.00,1.00,2.00,1.00,4.00,10.00,11.00,13.00,14.00,2.33,0.714
Walker-Peters,4.20,DEF,Southampton,29,100,2.36,2.31,6.44,1.30,2.28,1.23,4.66,11.11,12.41,14.69,15.92,2.65,1.621
Wood,4.00,DEF,Southampton,9,100,2.00,2.00,6.00,1.00,2.00,1.00,4.00,10.00,11.00,13.00,14.00,2.33,1.444
Cornet,4.70,MID,Southampton,2,0,2.00,2.00,3.00,2.00,2.00,2.00,4.00,7.00,9.00,11.00,13.00,2.17,0.500
Downes,4.70,MID,Southampton,21,100,2.41,2.35,3.51,2.35,2.32,2.27,4.76,8.27,10.62,12.94,15.21,2.53,1.762
Brereton Díaz,4.80,MID,Southampton,10,0,2.00,2.00,3.00,2.00,2.00,2.00,4.00,7.00,9.00,11.00,13.00,2.17,1.300
Dibling,4.40,MID,Southampton,29,100,2.95,2.82,4.18,2.80,2.75,2.61,5.77,9.95,12.75,15.50,18.12,3.02,2.069
M.Fernandes,5.00,MID,Southampton,30,100,3.09,2.94,4.35,2.92,2.86,2.71,6.03,10.38,13.30,16.17,18.87,3.15,2.633
O'Brien-Whitmarsh,4.50,MID,Southampton,0,0,2.00,2.00,3.00,2.00,2.00,2.00,4.00,7.00,9.00,11.00,13.00,2.17,0.000
Welington,4.00,DEF,Southampton,6,,2.00,2.00,6.00,1.00,2.00,1.00,4.00,10.00,11.00,13.00,14.00,2.33,0.833
Kayi Sanda,4.00,DEF,Southampton,0,,2.00,2.00,6.00,1.00,2.00,1.00,4.00,10.00,11.00,13.00,14.00,2.33,0.000
Grønbæk,4.90,MID,Southampton,4,100,2.00,2.00,3.00,2.00,2.00,2.00,4.00,7.00,9.00,11.00,13.00,2.17,1.500
Jay Robinson,4.50,FWD,Southampton,1,,2.00,2.00,2.00,2.00,2.00,2.00,4.00,6.00,8.00,10.00,12.00,2.00,1.000
Solanke,7.30,FWD,Spurs,23,100,3.56,3.44,3.82,3.67,3.69,3.74,7.00,10.82,14.49,18.18,21.92,3.65,4.043
A.Phillips,4.00,DEF,Spurs,0,0,2.00,1.00,2.00,2.00,2.00,2.00,3.00,5.00,7.00,9.00,11.00,1.83,0.000
Austin,4.00,GK,Spurs,1,,2.52,1.64,2.43,2.44,2.53,2.51,4.16,6.59,9.03,11.56,14.07,2.34,1.000
Bentancur,4.90,MID,Spurs,23,100,2.36,2.34,2.42,2.39,2.39,2.40,4.70,7.12,9.51,11.90,14.31,2.38,1.957
Bergvall,4.40,MID,Spurs,26,100,2.19,2.18,2.22,2.21,2.21,2.21,4.37,6.60,8.80,11.01,13.22,2.20,1.577
Bissouma,4.80,MID,Spurs,24,100,2.35,2.32,2.41,2.37,2.38,2.39,4.67,7.07,9.45,11.82,14.21,2.37,1.875
Bryan,5.00,MID,Spurs,0,0,2.00,2.00,2.00,2.00,2.00,2.00,4.00,6.00,8.00,10.00,12.00,2.00,0.000
Davies,4.30,DEF,Spurs,11,100,2.00,1.00,2.00,2.00,2.00,2.00,3.00,5.00,7.00,9.00,11.00,1.83,2.273
Devine,4.50,MID,Spurs,0,0,2.00,2.00,2.00,2.00,2.00,2.00,4.00,6.00,8.00,10.00,12.00,2.00,0.000
Dragusin,4.30,DEF,Spurs,16,0,2.00,1.00,2.00,2.00,2.00,2.00,3.00,5.00,7.00,9.00,11.00,1.83,1.500
E.Royal,4.50,DEF,Spurs,0,0,2.00,1.00,2.00,2.00,2.00,2.00,3.00,5.00,7.00,9.00,11.00,1.83,0.000
Forster,4.30,GK,Spurs,7,,3.00,2.24,2.84,2.86,3.03,2.98,5.24,8.07,10.93,13.95,16.93,2.82,2.714
Gray,4.60,MID,Spurs,23,100,2.00,2.00,2.00,2.00,2.00,2.00,4.00,6.00,8.00,10.00,12.00,2.00,1.609
Højbjerg,5.00,MID,Spurs,0,0,2.00,2.00,2.00,2.00,2.00,2.00,4.00,6.00,8.00,10.00,12.00,2.00,0.000
Johnson,6.20,MID,Spurs,29,100,4.10,3.94,4.45,4.25,4.27,4.34,8.04,12.49,16.74,21.02,25.36,4.23,4.517
Kulusevski,6.20,MID,Spurs,28,100,3.40,3.30,3.63,3.50,3.52,3.56,6.69,10.33,13.83,17.35,20.91,3.48,3.964
Lo Celso,4.90,MID,Spurs,0,0,2.00,2.00,2.00,2.00,2.00,2.00,4.00,6.00,8.00,10.00,12.00,2.00,0.000
Maddison,7.40,MID,Spurs,30,100,3.83,3.70,4.14,3.97,3.99,4.05,7.53,11.67,15.64,19.63,23.68,3.95,4.300
Pedro Porro,5.30,DEF,Spurs,30,100,2.75,1.69,2.88,2.81,2.81,2.84,4.44,7.32,10.13,12.94,15.78,2.63,3.133
Reguilón,4.10,DEF,Spurs,3,,2.00,1.00,2.00,2.00,2.00,2.00,3.00,5.00,7.00,9.00,11.00,1.83,0.333
Richarlison,6.80,FWD,Spurs,10,100,3.25,3.16,3.46,3.34,3.36,3.39,6.41,9.87,13.21,16.57,19.96,3.33,2.500
Romero,4.90,DEF,Spurs,17,100,2.44,1.41,2.52,2.47,2.48,2.49,3.85,6.37,8.84,11.32,13.81,2.30,2.941
P.M.Sarr,4.70,MID,Spurs,30,100,2.58,2.54,2.68,2.63,2.63,2.65,5.12,7.81,10.43,13.06,15.71,2.62,2.067
Scarlett,4.40,FWD,Spurs,3,100,2.83,2.77,2.97,2.89,2.90,2.93,5.61,8.58,11.47,14.38,17.31,2.88,2.000
Solomon,5.40,MID,Spurs,0,0,2.00,2.00,2.00,2.00,2.00,2.00,4.00,6.00,8.00,10.00,12.00,2.00,0.000
Son,9.80,MID,Spurs,28,75,3.93,3.79,4.26,4.08,4.10,4.16,7.73,11.99,16.06,20.16,24.32,4.05,4.500
Spence,4.40,DEF,Spurs,19,100,2.53,1.49,2.61,2.57,2.57,2.59,4.01,6.63,9.19,11.76,14.35,2.39,2.421
Udogie,4.80,DEF,Spurs,23,100,2.11,1.10,2.13,2.12,2.12,2.12,3.21,5.34,7.45,9.57,11.69,1.95,1.957
Van de Ven,4.50,DEF,Spurs,11,100,2.45,1.42,2.53,2.49,2.49,2.51,3.88,6.41,8.89,11.39,13.89,2.32,2.818
Veliz,5.00,FWD,Spurs,0,0,2.00,2.00,2.00,2.00,2.00,2.00,4.00,6.00,8.00,10.00,12.00,2.00,0.000
Vicario,4.80,GK,Spurs,20,100,3.24,2.54,3.04,3.06,3.28,3.21,5.78,8.81,11.88,15.15,18.36,3.06,3.100
Werner,6.20,MID,Spurs,18,100,2.42,2.39,2.49,2.45,2.45,2.46,4.80,7.29,9.74,12.19,14.65,2.44,1.889
Whiteman,3.90,GK,Spurs,0,,2.00,1.00,2.00,2.00,2.00,2.00,3.00,5.00,7.00,9.00,11.00,1.83,0.000
Lankshear,4.50,FWD,Spurs,3,0,2.00,2.00,2.00,2.00,2.00,2.00,4.00,6.00,8.00,10.00,12.00,2.00,1.000
Moore,4.50,MID,Spurs,7,100,2.71,2.66,2.83,2.77,2.77,2.80,5.38,8.21,10.98,13.75,16.55,2.76,2.000
Odobert,5.30,MID,Spurs,10,100,2.00,2.00,2.00,2.00,2.00,2.00,4.00,6.00,8.00,10.00,12.00,2.00,1.600
Olusesi,4.50,MID,Spurs,0,,2.00,2.00,2.00,2.00,2.00,2.00,4.00,6.00,8.00,10.00,12.00,2.00,0.000
Hardy,4.00,DEF,Spurs,0,,2.00,1.00,2.00,2.00,2.00,2.00,3.00,5.00,7.00,9.00,11.00,1.83,0.000
Williams-Barnett,4.50,MID,Spurs,0,0,2.00,2.00,2.00,2.00,2.00,2.00,4.00,6.00,8.00,10.00,12.00,2.00,0.000
Dorrington,4.00,DEF,Spurs,1,0,2.00,1.00,2.00,2.00,2.00,2.00,3.00,5.00,7.00,9.00,11.00,1.83,1.000
King,4.00,DEF,Spurs,0,,2.00,1.00,2.00,2.00,2.00,2.00,3.00,5.00,7.00,9.00,11.00,1.83,0.000
Kinsky,4.10,GK,Spurs,4,,2.81,2.01,2.68,2.70,2.83,2.79,4.82,7.50,10.19,13.03,15.82,2.64,3.000
Yang,4.50,MID,Spurs,0,0,2.00,2.00,2.00,2.00,2.00,2.00,4.00,6.00,8.00,10.00,12.00,2.00,0.000
Ajayi,4.50,MID,Spurs,0,,2.00,2.00,2.00,2.00,2.00,2.00,4.00,6.00,8.00,10.00,12.00,2.00,0.000
Cassanova,4.00,DEF,Spurs,0,,2.00,1.00,2.00,2.00,2.00,2.00,3.00,5.00,7.00,9.00,11.00,1.83,0.000
Danso,4.40,DEF,Spurs,4,0,2.00,1.00,2.00,2.00,2.00,2.00,3.00,5.00,7.00,9.00,11.00,1.83,2.750
Tel,5.80,MID,Spurs,7,,3.19,3.10,3.39,3.28,3.29,3.33,6.29,9.68,12.96,16.25,19.58,3.26,3.714
Ferguson,5.50,FWD,West Ham,19,100,2.34,2.26,2.26,2.24,2.22,2.31,4.60,6.86,9.10,11.33,13.64,2.27,1.368
Wan-Bissaka,4.50,DEF,West Ham,31,,7.11,2.83,1.83,2.79,2.72,3.01,9.93,11.76,14.55,17.26,20.27,3.38,2.968
Álvarez,5.00,MID,West Ham,25,100,3.20,2.15,2.15,2.14,2.13,2.18,5.34,7.49,9.63,11.76,13.93,2.32,1.480
Antonio,5.20,FWD,West Ham,14,0,3.87,3.39,3.39,3.33,3.21,3.70,7.26,10.66,13.98,17.19,20.89,3.48,3.000
Areola,4.20,GK,West Ham,21,100,6.75,3.00,2.09,2.84,3.02,2.84,9.75,11.83,14.68,17.70,20.54,3.42,2.429
Bowen,7.50,MID,West Ham,28,100,6.73,4.79,4.79,4.66,4.42,5.39,11.52,16.31,20.97,25.39,30.78,5.13,4.857
Coufal,4.10,DEF,West Ham,16,100,6.00,2.00,1.00,2.00,2.00,2.00,8.00,9.00,11.00,13.00,15.00,2.50,1.125
Cresswell,3.90,DEF,West Ham,14,100,6.00,2.00,1.00,2.00,2.00,2.00,8.00,9.00,11.00,13.00,15.00,2.50,1.929
Earthy,4.50,MID,West Ham,0,0,3.00,2.00,2.00,2.00,2.00,2.00,5.00,7.00,9.00,11.00,13.00,2.17,0.000
Emerson,4.40,DEF,West Ham,27,100,6.91,2.68,1.68,2.65,2.59,2.83,9.58,11.26,13.91,16.50,19.32,3.22,2.333
Fabianski,4.00,GK,West Ham,13,100,6.93,3.25,2.36,3.05,3.27,3.05,10.18,12.54,15.59,18.86,21.92,3.65,2.769
Foderingham,4.20,GK,West Ham,0,,6.00,2.00,1.00,2.00,2.00,2.00,8.00,9.00,11.00,13.00,15.00,2.50,0.000
Ings,4.90,FWD,West Ham,15,100,3.41,3.06,3.06,3.01,2.92,3.29,6.47,9.53,12.54,15.45,18.74,3.12,2.133
Kilman,4.30,DEF,West Ham,32,100,6.15,2.11,1.11,2.11,2.10,2.14,8.27,9.38,11.49,13.59,15.73,2.62,2.188
Kudus,6.20,MID,West Ham,26,100,4.51,3.13,3.13,3.07,2.98,3.37,7.63,10.76,13.83,16.81,20.18,3.36,3.077
L.Guilherme,4.60,MID,West Ham,10,,3.00,2.00,2.00,2.00,2.00,2.00,5.00,7.00,9.00,11.00,13.00,2.17,1.000
L.Paquetá,5.70,MID,West Ham,28,100,4.34,3.00,3.00,2.95,2.87,3.22,7.34,10.35,13.30,16.17,19.39,3.23,2.643
Mavropanos,4.30,DEF,West Ham,29,100,6.00,2.00,1.00,2.00,2.00,2.00,8.00,9.00,11.00,13.00,15.00,2.50,1.379
N.Aguerd,4.40,DEF,West Ham,0,0,6.00,2.00,1.00,2.00,2.00,2.00,8.00,9.00,11.00,13.00,15.00,2.50,0.000
Souček,4.90,MID,West Ham,29,100,5.31,3.73,3.73,3.64,3.50,4.10,9.03,12.76,16.40,19.90,24.00,4.00,3.552
Ward-Prowse,6.10,MID,West Ham,18,100,3.54,2.41,2.41,2.39,2.35,2.50,5.95,8.36,10.75,13.10,15.59,2.60,1.833
Zouma,4.40,DEF,West Ham,0,0,6.00,2.00,1.00,2.00,2.00,2.00,8.00,9.00,11.00,13.00,15.00,2.50,0.000
Irving,4.70,MID,West Ham,10,,3.00,2.00,2.00,2.00,2.00,2.00,5.00,7.00,9.00,11.00,13.00,2.17,0.900
Summerville,5.50,MID,West Ham,19,0,3.69,2.51,2.51,2.49,2.45,2.63,6.20,8.72,11.20,13.65,16.28,2.71,1.737
G.Rodríguez,4.80,MID,West Ham,21,100,3.00,2.00,2.00,2.00,2.00,2.00,5.00,7.00,9.00,11.00,13.00,2.17,1.381
Füllkrug,6.70,FWD,West Ham,12,100,4.04,3.53,3.53,3.45,3.32,3.86,7.57,11.09,14.54,17.87,21.72,3.62,2.500
Todibo,4.20,DEF,West Ham,21,100,6.00,2.00,1.00,2.00,2.00,2.00,8.00,9.00,11.00,13.00,15.00,2.50,1.952
Casey,4.00,DEF,West Ham,1,100,6.00,2.00,1.00,2.00,2.00,2.00,8.00,9.00,11.00,13.00,15.00,2.50,1.000
C.Soler,5.00,MID,West Ham,27,100,3.48,2.36,2.36,2.34,2.31,2.44,5.85,8.21,10.55,12.86,15.31,2.55,1.593
Scarles,4.00,DEF,West Ham,13,,6.00,2.00,1.00,2.00,2.00,2.00,8.00,9.00,11.00,13.00,15.00,2.50,2.000
Mayers,4.00,DEF,West Ham,0,,6.00,2.00,1.00,2.00,2.00,2.00,8.00,9.00,11.00,13.00,15.00,2.50,0.000
Orford,4.50,MID,West Ham,2,,3.00,2.00,2.00,2.00,2.00,2.00,5.00,7.00,9.00,11.00,13.00,2.17,1.000
Johnstone,4.10,GK,Wolves,7,100,2.66,2.62,1.86,1.77,1.68,1.79,5.28,7.14,8.90,10.59,12.38,2.06,1.714
Aït-Nouri,4.80,DEF,Wolves,31,100,3.34,3.74,2.30,2.40,2.34,2.38,7.08,9.37,11.77,14.11,16.50,2.75,3.355
B.Traore,4.80,MID,Wolves,1,100,2.00,2.00,2.00,2.00,2.00,2.00,4.00,6.00,8.00,10.00,12.00,2.00,1.000
Bellegarde,4.90,MID,Wolves,30,75,2.92,3.20,2.89,2.96,2.92,2.95,6.12,9.01,11.98,14.90,17.85,2.98,2.667
Bentley,3.90,GK,Wolves,0,,2.00,2.00,1.00,1.00,1.00,1.00,4.00,5.00,6.00,7.00,8.00,1.33,0.000
Chiquinho,4.50,MID,Wolves,1,0,2.00,2.00,2.00,2.00,2.00,2.00,4.00,6.00,8.00,10.00,12.00,2.00,1.000
Chirewa,4.50,MID,Wolves,0,0,2.00,2.00,2.00,2.00,2.00,2.00,4.00,6.00,8.00,10.00,12.00,2.00,0.000
Chiwome,4.40,FWD,Wolves,0,0,2.00,2.00,2.00,2.00,2.00,2.00,4.00,6.00,8.00,10.00,12.00,2.00,0.000
Cundle,4.50,MID,Wolves,0,0,2.00,2.00,2.00,2.00,2.00,2.00,4.00,6.00,8.00,10.00,12.00,2.00,0.000
Cunha,6.80,FWD,Wolves,27,100,4.49,5.23,4.41,4.60,4.49,4.57,9.72,14.13,18.73,23.22,27.80,4.63,5.556
Dawson,4.20,DEF,Wolves,15,100,2.20,2.26,1.19,1.21,1.20,1.20,4.45,5.65,6.85,8.05,9.25,1.54,1.133
Doherty,4.30,DEF,Wolves,25,75,2.59,2.77,1.57,1.62,1.59,1.61,5.36,6.94,8.56,10.15,11.76,1.96,2.520
Doyle,4.70,MID,Wolves,23,,2.13,2.17,2.12,2.13,2.13,2.13,4.30,6.42,8.56,10.68,12.82,2.14,1.217
Fábio Silva,5.00,FWD,Wolves,0,0,2.00,2.00,2.00,2.00,2.00,2.00,4.00,6.00,8.00,10.00,12.00,2.00,0.000
Fraser,4.50,FWD,Wolves,0,0,2.00,2.00,2.00,2.00,2.00,2.00,4.00,6.00,8.00,10.00,12.00,2.00,0.000
Gonzalez,4.40,MID,Wolves,0,0,2.00,2.00,2.00,2.00,2.00,2.00,4.00,6.00,8.00,10.00,12.00,2.00,0.000
Guedes,5.30,MID,Wolves,24,100,2.91,3.18,2.88,2.95,2.91,2.94,6.08,8.96,11.91,14.81,17.75,2.96,2.292
H.Bueno,4.50,DEF,Wolves,0,0,2.00,2.00,1.00,1.00,1.00,1.00,4.00,5.00,6.00,7.00,8.00,1.33,0.000
Hee Chan,6.10,MID,Wolves,19,100,2.68,2.88,2.65,2.71,2.68,2.70,5.55,8.21,10.92,13.59,16.29,2.72,1.842
Hodge,4.50,MID,Wolves,0,0,2.00,2.00,2.00,2.00,2.00,2.00,4.00,6.00,8.00,10.00,12.00,2.00,0.000
Hoever,4.00,DEF,Wolves,0,0,2.00,2.00,1.00,1.00,1.00,1.00,4.00,5.00,6.00,7.00,8.00,1.33,0.000
J.Gomes,4.90,MID,Wolves,30,100,2.59,2.77,2.57,2.62,2.59,2.61,5.36,7.94,10.56,13.15,15.76,2.63,2.533
José Sá,4.40,GK,Wolves,25,100,2.68,2.65,1.90,1.80,1.71,1.82,5.33,7.22,9.02,10.74,12.56,2.09,2.960
Kalajdžić,4.80,FWD,Wolves,0,0,2.00,2.00,2.00,2.00,2.00,2.00,4.00,6.00,8.00,10.00,12.00,2.00,0.000
King,4.00,GK,Wolves,0,,2.00,2.00,1.00,1.00,1.00,1.00,4.00,5.00,6.00,7.00,8.00,1.33,0.000
Mario Jr.,4.80,MID,Wolves,17,0,2.81,3.06,2.79,2.85,2.81,2.84,5.87,8.66,11.51,14.32,17.16,2.86,2.765
Mosquera,3.80,DEF,Wolves,5,0,2.00,2.00,1.00,1.00,1.00,1.00,4.00,5.00,6.00,7.00,8.00,1.33,0.600
N.Semedo,4.50,DEF,Wolves,28,100,2.42,2.55,1.41,1.44,1.42,1.44,4.97,6.38,7.83,9.25,10.69,1.78,2.429
Pedro Lima,3.90,DEF,Wolves,3,0,2.00,2.00,1.00,1.00,1.00,1.00,4.00,5.00,6.00,7.00,8.00,1.33,0.667
Podence,5.50,MID,Wolves,2,0,2.00,2.00,2.00,2.00,2.00,2.00,4.00,6.00,8.00,10.00,12.00,2.00,1.000
R.Gomes,5.10,MID,Wolves,19,100,2.26,2.34,2.25,2.27,2.26,2.27,4.60,6.85,9.12,11.38,13.65,2.28,1.579
S.Bueno,4.30,DEF,Wolves,25,100,2.00,2.00,1.00,1.00,1.00,1.00,4.00,5.00,6.00,7.00,8.00,1.33,1.720
Sarabia,5.00,MID,Wolves,17,100,2.93,3.21,2.90,2.97,2.93,2.96,6.14,9.04,12.01,14.94,17.90,2.98,2.353
Strand Larsen,5.40,FWD,Wolves,30,100,3.78,4.31,3.72,3.86,3.78,3.84,8.09,11.81,15.67,19.45,23.29,3.88,4.033
Toti,4.30,DEF,Wolves,25,100,2.12,2.15,1.11,1.12,1.12,1.12,4.27,5.39,6.51,7.63,8.75,1.46,2.440
Meupiyou,3.90,DEF,Wolves,0,100,2.00,2.00,1.00,1.00,1.00,1.00,4.00,5.00,6.00,7.00,8.00,1.33,0.000
André,5.00,MID,Wolves,27,100,2.00,2.00,2.00,2.00,2.00,2.00,4.00,6.00,8.00,10.00,12.00,2.00,1.815
Forbs,5.40,MID,Wolves,9,100,2.00,2.00,2.00,2.00,2.00,2.00,4.00,6.00,8.00,10.00,12.00,2.00,0.889
Pond,3.90,DEF,Wolves,1,,2.00,2.00,1.00,1.00,1.00,1.00,4.00,5.00,6.00,7.00,8.00,1.33,1.000
Edozie,4.50,MID,Wolves,0,,2.00,2.00,2.00,2.00,2.00,2.00,4.00,6.00,8.00,10.00,12.00,2.00,0.000
Okoduwa,4.00,DEF,Wolves,0,,2.00,2.00,1.00,1.00,1.00,1.00,4.00,5.00,6.00,7.00,8.00,1.33,0.000
Agbadou,4.00,DEF,Wolves,10,100,2.00,2.00,1.00,1.00,1.00,1.00,4.00,5.00,6.00,7.00,8.00,1.33,2.200
Djiga,4.50,DEF,Wolves,3,,2.00,2.00,1.00,1.00,1.00,1.00,4.00,5.00,6.00,7.00,8.00,1.33,1.000
Munetsi,5.00,MID,Wolves,8,100,3.36,3.76,3.32,3.42,3.36,3.40,7.12,10.44,13.86,17.22,20.62,3.44,3.750
Mané,4.50,FWD,Wolves,0,,2.00,2.00,2.00,2.00,2.00,2.00,4.00,6.00,8.00,10.00,12.00,2.00,0.000